연도,월일,측정소명,이산화질소농도(ppm),오존농도(ppm),일산화탄소농도(ppm),아황산가스농도(ppm),미세먼지농도(㎍/㎥),초미세먼지농도(㎍/㎥)
2018,101,노원구,0.034,0.011,0.8,0.007,42,21
2018,102,노원구,0.032,0.015,0.8,0.006,40,22
2018,103,노원구,0.018,0.022,0.5,0.006,36,19
2018,104,노원구,0.032,0.013,0.6,0.006,48,26
2018,105,노원구,0.044,0.008,0.9,0.007,63,40
2018,106,노원구,0.041,0.01,0.8,0.007,49,31
2018,107,노원구,0.048,0.005,1,0.007,57,39
2018,108,노원구,0.046,0.009,0.9,0.007,61,43
2018,109,노원구,0.015,0.029,0.4,0.006,39,18
2018,110,노원구,0.015,0.024,0.4,0.005,34,13
2018,111,노원구,0.014,0.023,0.4,0.006,34,22
2018,112,노원구,0.028,0.017,0.5,0.006,26,15
2018,113,노원구,0.051,0.003,0.9,0.007,55,38
2018,114,노원구,0.048,0.008,1,0.007,76,57
2018,115,노원구,0.052,0.013,0.9,0.008,66,42
2018,116,노원구,0.07,0.004,1.3,0.009,114,81
2018,117,노원구,0.054,0.009,1,0.004,106,79
2018,118,노원구,0.037,0.019,0.8,0.007,83,53
2018,119,노원구,0.032,0.022,0.7,0.007,57,27
2018,120,노원구,0.047,0.016,1,0.008,90,54
2018,121,노원구,0.034,0.018,0.7,0.007,57,31
2018,122,노원구,0.043,0.009,0.8,0.006,46,26
2018,123,노원구,0.011,0.032,0.3,0.005,25,11
2018,124,노원구,0.013,0.029,0.4,0.005,29,10
2018,125,노원구,0.013,0.029,0.4,0.005,25,12
2018,126,노원구,0.016,0.026,0.5,0.006,34,20
2018,127,노원구,0.039,0.011,0.8,0.006,53,
2018,128,노원구,0.024,0.024,0.6,0.006,37,
2018,129,노원구,0.017,0.028,0.4,0.006,45,16
2018,130,노원구,0.047,0.007,0.8,0.007,46,25
2018,131,노원구,0.037,0.013,0.8,0.007,41,20
2018,201,노원구,0.038,0.014,0.7,0.007,39,21
2018,202,노원구,0.046,0.011,1,0.008,58,34
2018,203,노원구,0.015,0.028,0.5,0.006,41,22
2018,204,노원구,0.011,0.032,0.4,0.006,35,23
2018,205,노원구,0.014,0.029,0.4,0.005,29,16
2018,206,노원구,0.014,0.029,0.4,0.005,34,20
2018,207,노원구,0.035,0.015,0.7,0.006,41,26
2018,208,노원구,0.053,0.007,1,0.008,57,38
2018,209,노원구,0.065,0.005,1.2,0.008,73,52
2018,210,노원구,0.033,0.023,0.7,0.006,73,41
2018,211,노원구,0.013,0.033,0.4,0.006,52,15
2018,212,노원구,0.015,0.032,0.4,0.006,48,14
2018,213,노원구,0.042,0.013,0.7,0.007,52,19
2018,214,노원구,0.034,0.028,0.6,0.008,65,29
2018,215,노원구,0.017,0.032,0.4,0.007,38,15
2018,216,노원구,0.026,0.027,0.6,0.007,46,22
2018,217,노원구,0.012,0.033,0.4,0.006,47,12
2018,218,노원구,0.02,0.03,0.5,0.007,39,18
2018,219,노원구,0.042,0.015,0.8,0.008,60,37
2018,220,노원구,0.031,0.024,0.7,0.007,61,38
2018,221,노원구,0.016,0.036,0.4,0.006,38,18
2018,222,노원구,0.036,0.023,0.6,0.007,48,28
2018,223,노원구,0.04,0.022,0.8,0.006,86,63
2018,224,노원구,0.026,0.031,0.7,0.006,72,48
2018,225,노원구,0.031,0.023,0.6,0.007,45,29
2018,226,노원구,0.057,0.011,0.9,0.008,63,39
2018,227,노원구,0.08,0.003,1.3,0.012,100,64
2018,228,노원구,0.044,0.015,0.8,0.007,73,46
2018,301,노원구,0.015,0.042,0.5,0.005,42,28
2018,302,노원구,0.041,0.019,0.6,0.007,69,29
2018,303,노원구,0.046,0.017,0.7,0.008,56,26
2018,304,노원구,0.036,0.017,0.6,0.007,29,18
2018,305,노원구,0.015,0.036,0.4,0.005,11,5
2018,306,노원구,0.027,0.023,0.5,0.005,34,18
2018,307,노원구,0.019,0.031,0.4,0.004,29,16
2018,308,노원구,0.015,0.033,0.5,0.004,36,27
2018,309,노원구,0.028,0.025,0.6,0.005,45,32
2018,310,노원구,0.039,0.022,0.7,0.006,53,36
2018,311,노원구,0.029,0.033,0.6,0.005,64,41
2018,312,노원구,0.05,0.021,0.8,0.007,88,53
2018,313,노원구,0.046,0.023,0.8,0.007,67,41
2018,314,노원구,0.028,0.026,0.4,0.006,27,13
2018,315,노원구,0.026,0.017,0.4,0.004,20,12
2018,316,노원구,0.014,0.038,0.3,0.004,15,6
2018,317,노원구,0.029,0.024,0.5,0.005,31,17
2018,318,노원구,0.038,0.021,0.6,0.005,58,40
2018,319,노원구,0.021,0.031,0.4,0.004,35,23
2018,320,노원구,0.009,0.045,0.3,0.004,20,8
2018,321,노원구,0.017,0.037,0.3,0.004,17,7
2018,322,노원구,0.032,0.028,0.6,0.005,44,25
2018,323,노원구,0.043,0.031,0.7,0.007,75,51
2018,324,노원구,0.049,0.033,0.9,0.008,115,84
2018,325,노원구,0.038,0.038,0.8,0.006,115,89
2018,326,노원구,0.057,0.023,0.9,0.007,104,69
2018,327,노원구,0.05,0.03,0.8,0.008,89,52
2018,328,노원구,0.036,0.032,0.7,0.007,59,37
2018,329,노원구,0.033,0.028,0.6,0.006,60,37
2018,330,노원구,0.033,0.033,0.5,0.005,59,31
2018,331,노원구,0.037,0.033,0.6,0.006,57,29
2018,401,노원구,0.035,0.024,0.6,0.006,65,32
2018,402,노원구,0.029,0.029,0.5,0.006,65,26
2018,403,노원구,0.028,0.022,0.4,0.006,64,20
2018,404,노원구,0.015,0.035,0.3,0.004,13,6
2018,405,노원구,0.017,0.031,0.4,0.004,8,4
2018,406,노원구,0.018,0.033,0.4,0.004,115,24
2018,407,노원구,0.011,0.043,0.4,0.004,48,23
2018,408,노원구,0.021,0.034,0.4,0.005,29,14
2018,409,노원구,0.037,0.018,0.6,0.005,36,21
2018,410,노원구,0.031,0.029,0.6,0.005,42,19
2018,411,노원구,0.021,0.042,0.4,0.005,58,22
2018,412,노원구,0.029,0.031,0.5,0.005,40,13
2018,413,노원구,0.029,0.031,0.5,0.005,33,14
2018,414,노원구,0.016,0.039,0.4,0.004,23,11
2018,415,노원구,0.014,0.038,0.4,0.004,73,18
2018,416,노원구,0.03,0.024,0.5,0.005,36,20
2018,417,노원구,0.035,0.028,0.5,0.006,57,27
2018,418,노원구,0.035,0.032,0.5,0.005,67,28
2018,419,노원구,0.044,0.035,0.6,0.007,84,38
2018,420,노원구,0.059,0.036,0.7,0.008,94,46
2018,421,노원구,0.049,0.024,0.7,0.007,67,36
2018,422,노원구,0.027,0.026,0.5,0.005,39,21
2018,423,노원구,0.011,0.044,0.3,0.004,11,6
2018,424,노원구,0.018,0.031,0.3,0.004,12,5
2018,425,노원구,0.031,0.025,0.5,0.005,35,22
2018,426,노원구,0.037,0.03,0.6,0.006,44,27
2018,427,노원구,0.042,0.028,0.6,0.007,54,33
2018,428,노원구,0.039,0.029,0.6,0.006,58,36
2018,429,노원구,0.03,0.045,0.5,0.006,50,28
2018,430,노원구,0.038,0.036,0.6,0.007,73,48
2018,501,노원구,0.024,0.028,0.5,0.005,59,40
2018,502,노원구,0.025,0.019,0.5,0.004,40,27
2018,503,노원구,0.016,0.033,0.4,0.004,23,12
2018,504,노원구,0.017,0.046,0.4,0.005,41,15
2018,505,노원구,0.023,0.051,0.4,0.006,40,18
2018,506,노원구,0.014,0.036,0.4,0.004,17,9
2018,507,노원구,0.027,0.023,0.5,0.005,36,16
2018,508,노원구,0.008,0.043,0.3,0.004,17,6
2018,509,노원구,0.014,0.036,0.3,0.004,21,8
2018,510,노원구,0.026,0.034,0.4,0.005,38,18
2018,511,노원구,0.027,0.041,0.4,0.004,54,30
2018,512,노원구,0.037,0.018,0.5,0.004,28,16
2018,513,노원구,0.017,0.029,0.4,0.004,22,13
2018,514,노원구,0.038,0.028,0.7,0.005,66,42
2018,515,노원구,0.041,0.027,0.7,0.005,72,46
2018,516,노원구,0.027,0.008,0.5,0.004,36,21
2018,517,노원구,0.027,0.01,0.4,0.004,14,6
2018,518,노원구,0.014,0.017,0.3,0.004,13,4
2018,519,노원구,0.011,0.031,0.3,0.004,12,4
2018,520,노원구,0.013,0.031,0.3,0.004,13,5
2018,521,노원구,0.019,0.03,0.3,0.004,20,10
2018,522,노원구,0.026,0.023,0.4,0.004,37,21
2018,523,노원구,0.013,0.036,0.3,0.004,41,8
2018,524,노원구,0.03,0.034,0.5,0.006,86,21
2018,525,노원구,0.036,0.038,0.6,0.006,83,28
2018,526,노원구,0.029,0.057,0.5,0.005,66,29
2018,527,노원구,0.028,0.04,0.5,0.006,61,26
2018,528,노원구,0.026,0.043,0.4,0.005,44,20
2018,529,노원구,0.024,0.032,0.4,0.006,38,22
2018,530,노원구,0.022,0.028,0.4,0.004,40,18
2018,531,노원구,0.02,0.031,0.4,0.004,35,17
2018,601,노원구,0.025,0.039,0.4,0.004,37,19
2018,602,노원구,0.033,0.032,0.5,0.005,37,19
2018,603,노원구,0.023,0.037,0.4,0.004,30,17
2018,604,노원구,0.029,0.03,0.4,0.006,39,23
2018,605,노원구,0.021,0.039,0.4,0.005,41,26
2018,606,노원구,0.022,0.03,0.4,0.005,42,27
2018,607,노원구,0.026,0.025,0.4,0.005,40,25
2018,608,노원구,0.015,0.029,0.3,0.004,32,19
2018,609,노원구,0.013,0.034,0.3,0.004,31,18
2018,610,노원구,0.006,0.032,0.3,0.004,9,4
2018,611,노원구,0.01,0.025,0.3,0.004,12,4
2018,612,노원구,0.012,0.024,0.3,0.004,16,7
2018,613,노원구,0.017,0.033,0.4,0.005,28,17
2018,614,노원구,0.015,0.025,0.4,0.004,28,17
2018,615,노원구,0.01,0.028,0.3,0.004,15,6
2018,616,노원구,0.012,0.034,0.3,0.004,19,10
2018,617,노원구,0.02,0.035,0.4,0.004,40,23
2018,618,노원구,0.026,0.038,0.4,0.005,40,25
2018,619,노원구,0.031,0.025,0.5,0.007,39,25
2018,620,노원구,0.011,0.036,0.3,0.005,38,26
2018,621,노원구,0.012,0.038,0.3,0.004,32,19
2018,622,노원구,0.024,0.039,0.4,0.005,33,18
2018,623,노원구,0.025,0.039,0.4,0.007,38,21
2018,624,노원구,0.017,0.045,0.5,0.006,55,34
2018,625,노원구,0.028,0.049,0.5,0.006,50,32
2018,626,노원구,0.023,0.03,0.5,0.005,47,30
2018,627,노원구,0.022,0.033,0.5,0.005,28,18
2018,628,노원구,0.023,0.023,0.4,0.004,25,14
2018,629,노원구,0.027,0.033,0.5,0.005,36,22
2018,630,노원구,0.027,0.022,0.5,0.005,46,29
2018,701,노원구,0.014,0.015,0.3,0.004,16,7
2018,702,노원구,0.018,0.022,0.3,0.004,11,6
2018,703,노원구,0.015,0.011,0.3,0.004,18,11
2018,704,노원구,0.017,0.018,0.3,0.005,23,13
2018,705,노원구,0.014,0.015,0.3,0.004,20,14
2018,706,노원구,0.008,0.018,0.2,0.004,9,5
2018,707,노원구,0.007,0.022,0.2,0.004,10,5
2018,708,노원구,0.008,0.026,0.2,0.004,14,8
2018,709,노원구,0.009,0.012,0.3,0.004,12,7
2018,710,노원구,0.02,0.006,0.4,0.004,22,12
2018,711,노원구,0.02,0.004,0.4,0.005,36,20
2018,712,노원구,0.014,0.005,0.3,0.005,32,18
2018,713,노원구,0.017,0.01,0.3,0.005,25,17
2018,714,노원구,0.018,0.015,0.3,0.005,25,17
2018,715,노원구,0.012,0.022,0.3,0.006,26,19
2018,716,노원구,0.016,0.021,0.3,0.006,27,20
2018,717,노원구,0.016,0.018,0.3,0.006,30,23
2018,718,노원구,0.018,0.025,0.3,0.006,36,29
2018,719,노원구,0.017,0.022,0.3,0.005,31,23
2018,720,노원구,0.022,0.04,0.4,0.005,37,28
2018,721,노원구,0.022,0.039,0.4,0.006,35,26
2018,722,노원구,0.016,0.03,0.3,0.005,29,20
2018,723,노원구,0.015,0.03,0.3,0.007,31,21
2018,724,노원구,0.023,0.048,0.4,0.005,43,33
2018,725,노원구,0.019,0.025,0.3,0.006,37,26
2018,726,노원구,0.022,0.026,0.4,0.005,43,31
2018,727,노원구,0.016,0.033,0.3,0.005,44,31
2018,728,노원구,0.019,0.019,0.3,0.005,38,24
2018,729,노원구,0.008,0.021,0.3,0.005,22,12
2018,730,노원구,0.008,0.022,0.2,0.004,12,6
2018,731,노원구,0.01,0.039,0.2,0.005,18,10
2018,801,노원구,0.016,0.042,0.3,0.005,32,18
2018,802,노원구,0.015,0.059,0.4,0.005,42,27
2018,803,노원구,0.017,0.055,0.4,0.006,45,32
2018,804,노원구,0.01,0.035,0.3,0.005,29,18
2018,805,노원구,0.006,0.025,0.2,0.004,29,16
2018,806,노원구,0.016,0.021,0.3,0.004,31,17
2018,807,노원구,0.012,0.034,0.3,0.005,19,10
2018,808,노원구,0.01,0.024,0.2,0.005,26,15
2018,809,노원구,0.012,0.025,0.3,0.005,24,14
2018,810,노원구,0.01,0.025,0.3,0.005,16,7
2018,811,노원구,0.009,0.029,0.3,0.004,12,4
2018,812,노원구,0.01,0.029,0.3,0.004,18,9
2018,813,노원구,0.014,0.026,0.3,0.005,32,20
2018,814,노원구,0.018,0.024,0.3,0.005,28,16
2018,815,노원구,0.014,0.029,0.3,0.005,28,18
2018,816,노원구,0.008,0.023,0.3,0.004,17,8
2018,817,노원구,0.006,0.028,0.3,0.004,14,5
2018,818,노원구,0.009,0.031,0.3,0.004,16,6
2018,819,노원구,0.013,0.035,0.3,0.005,21,10
2018,820,노원구,0.014,0.036,0.3,0.005,30,17
2018,821,노원구,0.017,0.024,0.3,0.005,22,12
2018,822,노원구,0.014,0.025,0.3,0.005,23,11
2018,823,노원구,0.006,0.014,0.2,0.004,14,6
2018,824,노원구,0.009,0.019,0.3,0.004,11,4
2018,825,노원구,0.015,0.032,0.4,0.005,24,12
2018,826,노원구,0.011,0.028,0.3,0.005,19,10
2018,827,노원구,0.016,0.017,0.3,0.004,13,5
2018,828,노원구,0.016,0.007,0.3,0.004,13,4
2018,829,노원구,0.018,0.007,0.3,0.005,15,6
2018,830,노원구,0.02,0.021,0.4,0.005,26,15
2018,831,노원구,0.015,0.03,0.4,0.005,23,12
2018,901,노원구,0.011,0.022,0.3,0.004,19,9
2018,902,노원구,0.009,0.029,0.3,0.004,14,6
2018,903,노원구,0.016,0.016,0.3,0.005,16,7
2018,904,노원구,0.01,0.028,0.3,0.004,17,7
2018,905,노원구,0.01,0.04,0.3,0.005,25,9
2018,906,노원구,0.022,0.031,0.5,0.005,31,15
2018,907,노원구,0.014,0.035,0.4,0.005,26,11
2018,908,노원구,0.015,0.025,0.4,0.005,26,11
2018,909,노원구,0.013,0.026,0.3,0.005,22,10
2018,910,노원구,0.01,0.026,0.3,0.004,14,5
2018,911,노원구,0.011,0.024,0.3,0.004,15,6
2018,912,노원구,0.017,0.026,0.3,0.004,17,6
2018,913,노원구,0.027,0.008,0.4,0.004,20,9
2018,914,노원구,0.02,0.017,0.4,0.004,20,9
2018,915,노원구,0.021,0.016,0.4,0.003,15,6
2018,916,노원구,0.018,0.026,0.5,0.003,33,21
2018,917,노원구,0.016,0.029,0.4,0.004,27,15
2018,918,노원구,0.027,0.022,0.5,0.004,34,16
2018,919,노원구,0.03,0.022,0.5,0.004,37,19
2018,920,노원구,0.016,0.026,0.3,0.003,18,9
2018,921,노원구,0.018,0.02,0.3,0.003,12,4
2018,922,노원구,0.021,0.023,0.4,0.004,29,9
2018,923,노원구,0.014,0.029,0.4,0.004,29,10
2018,924,노원구,0.011,0.023,0.3,0.004,18,7
2018,925,노원구,0.012,0.02,0.3,0.004,19,8
2018,926,노원구,0.011,0.022,0.3,0.003,13,5
2018,927,노원구,0.013,0.023,0.3,0.004,12,5
2018,928,노원구,0.022,0.015,0.3,0.004,16,6
2018,929,노원구,0.024,0.016,0.4,0.004,17,7
2018,930,노원구,0.015,0.023,0.4,0.004,21,9
2018,1001,노원구,0.008,0.028,0.3,0.004,19,8
2018,1002,노원구,0.02,0.023,0.4,0.004,26,13
2018,1003,노원구,0.026,0.019,0.4,0.004,26,14
2018,1004,노원구,0.025,0.016,0.5,0.004,21,11
2018,1005,노원구,0.023,0.02,0.4,0.004,15,7
2018,1006,노원구,0.012,0.034,0.3,0.004,8,3
2018,1007,노원구,0.017,0.025,0.4,0.004,25,9
2018,1008,노원구,0.024,0.019,0.4,0.004,22,8
2018,1009,노원구,0.028,0.015,0.5,0.004,26,11
2018,1010,노원구,0.012,0.028,0.4,0.004,20,10
2018,1011,노원구,0.017,0.018,0.4,0.004,19,9
2018,1012,노원구,0.028,0.013,0.5,0.004,24,12
2018,1013,노원구,0.035,0.017,0.5,0.004,30,17
2018,1014,노원구,0.027,0.032,0.5,0.004,34,20
2018,1015,노원구,0.035,0.032,0.7,0.005,51,30
2018,1016,노원구,0.036,0.022,0.7,0.005,53,29
2018,1017,노원구,0.035,0.018,0.6,0.005,38,19
2018,1018,노원구,0.02,0.019,0.4,0.004,17,8
2018,1019,노원구,0.02,0.025,0.4,0.004,21,9
2018,1020,노원구,0.038,0.016,0.6,0.005,38,19
2018,1021,노원구,0.037,0.023,0.6,0.005,37,20
2018,1022,노원구,0.048,0.021,0.7,0.006,49,27
2018,1023,노원구,0.042,0.022,0.7,0.005,47,26
2018,1024,노원구,0.033,0.019,0.6,0.005,38,16
2018,1025,노원구,0.04,0.014,0.6,0.005,36,16
2018,1026,노원구,0.035,0.017,0.6,0.005,33,17
2018,1027,노원구,0.01,0.03,0.3,0.004,27,6
2018,1028,노원구,0.021,0.021,0.4,0.004,16,7
2018,1029,노원구,0.018,0.015,0.4,0.005,20,8
2018,1030,노원구,0.017,0.013,0.4,0.005,22,11
2018,1031,노원구,0.022,0.014,0.5,0.005,25,13
2018,1101,노원구,0.037,0.008,0.7,0.005,35,21
2018,1102,노원구,0.048,0.007,0.9,0.006,42,24
2018,1103,노원구,0.047,0.009,0.8,0.006,45,28
2018,1104,노원구,0.036,0.015,0.7,0.005,43,28
2018,1105,노원구,0.047,0.007,0.9,0.005,53,33
2018,1106,노원구,0.06,0.005,1,0.006,87,58
2018,1107,노원구,0.035,0.011,0.7,0.005,61,41
2018,1108,노원구,0.027,0.01,0.4,0.004,13,6
2018,1109,노원구,0.017,0.026,0.5,0.005,36,20
2018,1110,노원구,0.029,0.021,0.7,0.006,66,40
2018,1111,노원구,0.029,0.012,0.7,0.005,60,36
2018,1112,노원구,0.028,0.013,0.5,0.005,30,15
2018,1113,노원구,0.037,0.008,0.7,0.006,39,23
2018,1114,노원구,0.037,0.009,0.6,0.005,31,19
2018,1115,노원구,0.048,0.006,0.8,0.006,48,30
2018,1116,노원구,0.039,0.012,0.8,0.006,57,39
2018,1117,노원구,0.023,0.013,0.5,0.005,34,19
2018,1118,노원구,0.032,0.008,0.8,0.006,40,24
2018,1119,노원구,0.039,0.008,0.8,0.006,53,30
2018,1120,노원구,0.043,0.008,0.6,0.006,44,19
2018,1121,노원구,0.032,0.012,0.5,0.005,35,18
2018,1122,노원구,0.015,0.022,0.3,0.005,22,10
2018,1123,노원구,0.034,0.011,0.5,0.006,26,14
2018,1124,노원구,0.032,0.011,0.5,0.005,24,15
2018,1125,노원구,0.045,0.005,0.9,0.005,46,32
2018,1126,노원구,0.05,0.006,1.1,0.006,65,41
2018,1127,노원구,0.052,0.004,1,0.006,101,51
2018,1128,노원구,0.023,0.018,0.4,0.006,109,23
2018,1129,노원구,0.041,0.006,0.7,0.006,69,22
2018,1130,노원구,0.042,0.007,0.7,0.006,61,25
2018,1201,노원구,0.051,0.005,0.8,0.007,43,22
2018,1202,노원구,0.049,0.005,1.1,0.007,53,29
2018,1203,노원구,0.056,0.002,1.1,0.006,43,24
2018,1204,노원구,0.018,0.016,0.5,0.005,31,15
2018,1205,노원구,0.021,0.012,0.4,0.005,31,14
2018,1206,노원구,0.02,0.015,0.4,0.006,38,19
2018,1207,노원구,0.01,0.023,0.3,0.005,24,10
2018,1208,노원구,0.011,0.021,0.3,0.005,25,10
2018,1209,노원구,0.022,0.016,0.5,0.006,27,13
2018,1210,노원구,0.044,0.007,0.8,0.006,37,20
2018,1211,노원구,0.046,0.005,0.8,0.007,44,26
2018,1212,노원구,0.022,0.02,0.5,0.006,44,22
2018,1213,노원구,0.032,0.013,0.6,0.006,37,21
2018,1214,노원구,0.034,0.01,0.6,0.006,35,19
2018,1215,노원구,0.052,0.004,1,0.007,59,39
2018,1216,노원구,0.051,0.003,0.9,0.006,55,38
2018,1217,노원구,0.039,0.011,0.9,0.007,68,43
2018,1218,노원구,0.057,0.005,1,0.007,49,29
2018,1219,노원구,0.052,0.008,1,0.007,49,32
2018,1220,노원구,0.057,0.005,1.1,0.007,68,47
2018,1221,노원구,0.065,0.003,1.2,0.008,77,51
2018,1222,노원구,0.052,0.009,1,0.008,91,65
2018,1223,노원구,0.016,0.023,0.6,0.005,56,34
2018,1224,노원구,0.031,0.011,0.5,0.005,23,15
2018,1225,노원구,0.046,0.003,0.7,0.006,37,24
2018,1226,노원구,0.022,0.016,0.5,0.006,50,28
2018,1227,노원구,0.013,0.02,0.3,0.005,30,13
2018,1228,노원구,0.018,0.015,0.4,0.005,37,16
2018,1229,노원구,0.016,0.02,0.4,0.005,38,13
2018,1230,노원구,0.035,0.008,0.7,0.006,38,22
2018,1231,노원구,0.047,0.005,0.9,0.006,54,37
2019,101,노원구,0.031,0.014,0.7,0.005,42,30
2019,102,노원구,0.039,0.01,0.7,0.006,38,27
2019,103,노원구,0.051,0.005,0.9,0.007,49,32
2019,104,노원구,0.061,0.004,1.1,0.008,64,48
2019,105,노원구,0.025,0.019,0.7,0.007,72,50
2019,106,노원구,0.034,0.012,0.7,0.008,53,28
2019,107,노원구,0.046,0.009,0.9,0.007,58,40
2019,108,노원구,0.021,0.02,0.5,0.007,39,19
2019,109,노원구,0.036,0.009,0.6,0.007,52,25
2019,110,노원구,0.048,0.005,0.8,0.008,63,39
2019,111,노원구,0.054,0.006,1,0.008,71,51
2019,112,노원구,0.056,0.009,1.2,0.009,100,76
2019,113,노원구,0.057,0.009,1.3,0.008,118,87
2019,114,노원구,0.068,0.004,1.5,0.008,182,139
2019,115,노원구,0.03,0.018,0.9,0.007,135,83
2019,116,노원구,0.024,0.014,0.5,0.006,52,21
2019,117,노원구,0.036,0.012,0.6,0.007,42,24
2019,118,노원구,0.054,0.006,0.9,0.008,55,35
2019,119,노원구,0.064,0.005,1.2,0.009,107,76
2019,120,노원구,0.02,0.021,0.6,0.006,70,39
2019,121,노원구,0.044,0.007,0.8,0.007,49,26
2019,122,노원구,0.052,0.006,1.1,0.007,68,36
2019,123,노원구,0.04,0.015,1,0.007,77,52
2019,124,노원구,0.041,0.009,0.7,0.007,45,25
2019,125,노원구,0.03,0.016,0.7,0.007,50,27
2019,126,노원구,0.017,0.022,0.4,0.006,43,25
2019,127,노원구,0.036,0.012,0.7,0.007,42,26
2019,128,노원구,0.019,0.022,0.5,0.006,81,27
2019,129,노원구,0.043,0.008,0.7,0.007,67,25
2019,130,노원구,0.049,0.009,0.8,0.007,62,36
2019,131,노원구,0.02,0.018,0.5,0.006,67,25
2019,201,노원구,0.033,0.012,0.7,0.006,42,21
2019,202,노원구,0.041,0.009,0.7,0.006,58,39
2019,203,노원구,0.036,0.013,0.7,0.005,42,32
2019,204,노원구,0.019,0.022,0.6,0.005,78,42
2019,205,노원구,0.042,0.01,0.7,0.007,80,30
2019,206,노원구,0.045,0.012,0.8,0.007,95,37
2019,207,노원구,0.015,0.025,0.5,0.005,65,36
2019,208,노원구,0.019,0.019,0.4,0.005,33,20
2019,209,노원구,0.014,0.024,0.4,0.005,37,21
2019,210,노원구,0.022,0.018,0.6,0.006,47,28
2019,211,노원구,0.024,0.02,0.6,0.006,45,29
2019,212,노원구,0.027,0.023,0.7,0.007,59,42
2019,213,노원구,0.019,0.025,0.5,0.006,39,23
2019,214,노원구,0.041,0.012,0.7,0.007,50,27
2019,215,노원구,0.036,0.015,0.6,0.005,41,30
2019,216,노원구,0.017,0.029,0.7,0.006,64,53
2019,217,노원구,0.026,0.021,0.6,0.006,41,31
2019,218,노원구,0.045,0.008,0.7,0.006,40,26
2019,219,노원구,0.036,0.011,0.6,0.005,46,36
2019,220,노원구,0.025,0.025,0.7,0.005,61,51
2019,221,노원구,0.053,0.01,1.1,0.007,88,73
2019,222,노원구,0.049,0.013,1,0.007,74,56
2019,223,노원구,0.047,0.013,0.9,0.007,53,38
2019,224,노원구,0.046,0.02,0.8,0.008,56,44
2019,225,노원구,0.04,0.022,0.7,0.007,83,63
2019,226,노원구,0.04,0.016,0.7,0.007,56,31
2019,227,노원구,0.049,0.014,0.7,0.007,67,45
2019,228,노원구,0.042,0.024,0.8,0.006,94,67
2019,301,노원구,0.044,0.028,0.9,0.006,107,78
2019,302,노원구,0.051,0.022,1,0.006,116,85
2019,303,노원구,0.048,0.024,0.9,0.005,106,79
2019,304,노원구,0.05,0.027,1,0.006,149,108
2019,305,노원구,0.039,0.031,0.9,0.006,201,143
2019,306,노원구,0.045,0.024,0.9,0.005,138,98
2019,307,노원구,0.024,0.032,0.6,0.004,52,39
2019,308,노원구,0.043,0.017,0.6,0.005,49,28
2019,309,노원구,0.057,0.009,0.7,0.006,42,28
2019,310,노원구,0.037,0.019,0.7,0.005,55,37
2019,311,노원구,0.042,0.017,0.7,0.005,72,46
2019,312,노원구,0.024,0.029,0.6,0.004,79,49
2019,313,노원구,0.015,0.029,0.4,0.004,38,13
2019,314,노원구,0.035,0.019,0.6,0.005,38,20
2019,315,노원구,0.035,0.018,0.5,0.004,52,32
2019,316,노원구,0.026,0.022,0.4,0.003,40,29
2019,317,노원구,0.026,0.023,0.5,0.004,36,23
2019,318,노원구,0.047,0.012,0.7,0.006,39,24
2019,319,노원구,0.052,0.015,0.8,0.007,64,42
2019,320,노원구,0.049,0.016,0.9,0.005,93,67
2019,321,노원구,0.021,0.032,0.5,0.003,29,24
2019,322,노원구,0.014,0.031,0.4,0.003,34,24
2019,323,노원구,0.022,0.026,0.5,0.004,26,19
2019,324,노원구,0.022,0.027,0.4,0.004,27,17
2019,325,노원구,0.034,0.027,0.5,0.005,46,29
2019,326,노원구,0.034,0.028,0.5,0.005,56,36
2019,327,노원구,0.036,0.036,0.7,0.006,90,60
2019,328,노원구,0.021,0.035,0.5,0.004,76,48
2019,329,노원구,0.018,0.036,0.4,0.004,37,20
2019,330,노원구,0.018,0.033,0.4,0.003,34,26
2019,331,노원구,0.012,0.032,0.4,0.003,44,30
2019,401,노원구,0.02,0.029,0.4,0.004,25,15
2019,402,노원구,0.025,0.026,0.5,0.004,30,18
2019,403,노원구,0.031,0.027,0.5,0.004,37,23
2019,404,노원구,0.033,0.026,0.5,0.005,35,22
2019,405,노원구,0.019,0.036,0.4,0.004,66,21
2019,406,노원구,0.034,0.019,0.5,0.004,50,18
2019,407,노원구,0.016,0.03,0.4,0.004,32,14
2019,408,노원구,0.022,0.029,0.4,0.004,33,14
2019,409,노원구,0.023,0.025,0.4,0.003,22,12
2019,410,노원구,0.021,0.026,0.4,0.003,6,5
2019,411,노원구,0.029,0.021,0.5,0.004,23,15
2019,412,노원구,0.037,0.026,0.6,0.004,43,27
2019,413,노원구,0.04,0.028,0.6,0.005,44,30
2019,414,노원구,0.023,0.036,0.5,0.004,37,22
2019,415,노원구,0.037,0.022,0.6,0.005,47,17
2019,416,노원구,0.044,0.024,0.6,0.005,45,23
2019,417,노원구,0.037,0.027,0.5,0.005,39,21
2019,418,노원구,0.035,0.018,0.5,0.005,36,22
2019,419,노원구,0.02,0.027,0.4,0.004,37,19
2019,420,노원구,0.022,0.029,0.4,0.004,40,23
2019,421,노원구,0.02,0.03,0.4,0.003,29,20
2019,422,노원구,0.037,0.027,0.6,0.004,77,31
2019,423,노원구,0.046,0.026,0.7,0.005,89,41
2019,424,노원구,0.03,0.022,0.5,0.004,56,36
2019,425,노원구,0.019,0.024,0.4,0.003,38,17
2019,426,노원구,0.017,0.025,0.3,0.003,8,5
2019,427,노원구,0.019,0.026,0.4,0.003,17,11
2019,428,노원구,0.019,0.035,0.4,0.003,20,13
2019,429,노원구,0.032,0.021,0.5,0.003,21,15
2019,430,노원구,0.034,0.023,0.5,0.004,31,20
2019,501,노원구,0.026,0.03,0.5,0.004,60,26
2019,502,노원구,0.021,0.031,0.4,0.004,48,16
2019,503,노원구,0.044,0.03,0.6,0.006,56,27
2019,504,노원구,0.044,0.039,0.7,0.006,78,47
2019,505,노원구,0.029,0.042,0.6,0.005,59,36
2019,506,노원구,0.01,0.036,0.3,0.003,30,11
2019,507,노원구,0.025,0.035,0.4,0.005,44,17
2019,508,노원구,0.03,0.042,0.5,0.005,52,25
2019,509,노원구,0.029,0.037,0.5,0.005,47,24
2019,510,노원구,0.037,0.036,0.6,0.005,55,31
2019,511,노원구,0.042,0.036,0.6,0.004,61,35
2019,512,노원구,0.032,0.045,0.6,0.004,57,38
2019,513,노원구,0.034,0.037,0.6,0.005,55,36
2019,514,노원구,0.027,0.039,0.4,0.005,41,30
2019,515,노원구,0.033,0.039,0.5,0.005,64,43
2019,516,노원구,0.029,0.042,0.5,0.004,60,39
2019,517,노원구,0.032,0.035,0.4,0.004,46,33
2019,518,노원구,0.014,0.036,0.3,0.004,23,15
2019,519,노원구,0.01,0.018,0.3,0.003,14,9
2019,520,노원구,0.014,0.028,0.4,0.004,33,12
2019,521,노원구,0.022,0.036,0.5,0.005,50,18
2019,522,노원구,0.026,0.048,0.5,0.006,53,27
2019,523,노원구,0.035,0.049,0.6,0.006,62,37
2019,524,노원구,0.038,0.062,0.7,0.006,77,51
2019,525,노원구,0.034,0.044,0.7,0.006,75,50
2019,526,노원구,0.025,0.041,0.5,0.005,40,25
2019,527,노원구,0.016,0.027,0.3,0.003,22,15
2019,528,노원구,0.016,0.033,0.3,0.003,19,8
2019,529,노원구,0.028,0.035,0.5,0.004,39,19
2019,530,노원구,0.029,0.04,0.5,0.005,40,23
2019,531,노원구,0.012,0.049,0.3,0.004,18,10
2019,601,노원구,0.023,0.037,0.4,0.004,32,22
2019,602,노원구,0.02,0.045,0.4,0.004,33,23
2019,603,노원구,0.029,0.042,0.5,0.004,38,24
2019,604,노원구,0.026,0.025,0.4,0.004,31,21
2019,605,노원구,0.026,0.03,0.4,0.004,43,29
2019,606,노원구,0.025,0.029,0.5,0.004,55,36
2019,607,노원구,0.01,0.045,0.3,0.003,11,8
2019,608,노원구,0.019,0.038,0.4,0.003,25,16
2019,609,노원구,0.015,0.041,0.5,0.004,32,25
2019,610,노원구,0.01,0.027,0.3,0.003,9,5
2019,611,노원구,0.016,0.03,0.3,0.003,12,7
2019,612,노원구,0.023,0.027,0.4,0.003,26,16
2019,613,노원구,0.023,0.034,0.4,0.004,27,18
2019,614,노원구,0.017,0.037,0.3,0.004,29,21
2019,615,노원구,0.01,0.039,0.4,0.003,31,19
2019,616,노원구,0.012,0.038,0.3,0.003,14,10
2019,617,노원구,0.02,0.034,0.4,0.005,22,14
2019,618,노원구,0.029,0.017,0.4,0.004,24,17
2019,619,노원구,0.011,0.041,0.4,0.003,27,21
2019,620,노원구,0.013,0.04,0.4,0.003,24,18
2019,621,노원구,0.016,0.031,0.4,0.003,24,17
2019,622,노원구,0.012,0.03,0.3,0.003,12,7
2019,623,노원구,0.01,0.035,0.3,0.003,13,8
2019,624,노원구,0.018,0.038,0.3,0.004,20,14
2019,625,노원구,0.022,0.041,0.4,0.004,27,19
2019,626,노원구,0.024,0.041,0.4,0.004,35,25
2019,627,노원구,0.016,0.031,0.3,0.003,21,16
2019,628,노원구,0.029,0.03,0.5,0.004,42,34
2019,629,노원구,0.019,0.025,0.4,0.004,25,20
2019,630,노원구,0.015,0.032,0.4,0.004,33,26
2019,701,노원구,0.013,0.049,0.5,0.004,32,25
2019,702,노원구,0.015,0.043,0.4,0.004,28,22
2019,703,노원구,0.021,0.029,0.4,0.004,32,23
2019,704,노원구,0.022,0.035,0.4,0.004,29,21
2019,705,노원구,0.024,0.044,0.4,0.004,31,22
2019,706,노원구,0.016,0.039,0.4,0.004,32,24
2019,707,노원구,0.004,0.041,0.3,0.003,20,15
2019,708,노원구,0.006,0.035,0.2,0.003,10,6
2019,709,노원구,0.007,0.03,0.2,0.003,9,7
2019,710,노원구,0.007,0.029,0.2,0.003,10,6
2019,711,노원구,0.006,0.019,0.2,0.003,6,2
2019,712,노원구,0.015,0.023,0.3,0.003,14,10
2019,713,노원구,0.018,0.035,0.4,0.004,34,29
2019,714,노원구,0.016,0.041,0.6,0.004,43,38
2019,715,노원구,0.019,0.022,0.5,0.003,42,37
2019,716,노원구,0.014,0.034,0.4,0.003,26,20
2019,717,노원구,0.023,0.032,0.6,0.003,60,47
2019,718,노원구,0.022,0.054,0.6,0.004,68,55
2019,719,노원구,0.019,0.038,0.5,0.004,49,38
2019,720,노원구,0.006,0.017,0.2,0.004,8,6
2019,721,노원구,0.01,0.016,0.3,0.003,16,11
2019,722,노원구,0.017,0.039,0.4,0.004,47,38
2019,723,노원구,0.022,0.016,0.4,0.004,28,20
2019,724,노원구,0.023,0.009,0.3,0.003,26,18
2019,725,노원구,0.025,0.01,0.4,0.003,27,17
2019,726,노원구,0.018,0.02,0.4,0.003,23,15
2019,727,노원구,0.019,0.02,0.4,0.003,20,12
2019,728,노원구,0.014,0.018,0.3,0.003,18,12
2019,729,노원구,0.015,0.007,0.3,0.003,17,10
2019,730,노원구,0.016,0.011,0.3,0.003,23,14
2019,731,노원구,0.021,0.015,0.3,0.003,17,10
2019,801,노원구,0.014,0.018,0.3,0.004,14,10
2019,802,노원구,0.011,0.018,0.3,0.003,21,12
2019,803,노원구,0.017,0.011,0.3,0.003,22,14
2019,804,노원구,0.014,0.046,0.4,0.004,35,30
2019,805,노원구,0.024,0.01,0.5,0.003,44,33
2019,806,노원구,0.014,0.022,0.3,0.003,34,27
2019,807,노원구,0.007,0.014,0.3,0.003,17,13
2019,808,노원구,0.029,0.002,0.5,0.004,36,18
2019,809,노원구,0.018,0.01,0.3,0.004,31,21
2019,810,노원구,0.013,0.015,0.3,0.004,25,16
2019,811,노원구,0.005,0.024,0.2,0.003,18,13
2019,812,노원구,0.009,0.016,0.2,0.003,17,12
2019,813,노원구,0.013,0.015,0.3,0.004,21,11
2019,814,노원구,0.011,0.01,0.3,0.004,21,12
2019,815,노원구,0.008,0.013,0.2,0.003,10,6
2019,816,노원구,0.009,0.009,0.3,0.004,13,5
2019,817,노원구,0.01,0.054,0.5,0.004,38,27
2019,818,노원구,0.009,0.046,0.4,0.004,19,13
2019,819,노원구,0.016,0.037,0.4,0.004,25,18
2019,820,노원구,0.014,0.029,0.4,0.004,28,21
2019,821,노원구,0.02,0.032,0.5,0.004,37,28
2019,822,노원구,0.014,0.035,0.5,0.004,39,30
2019,823,노원구,0.011,0.037,0.6,0.004,36,26
2019,824,노원구,0.024,0.019,0.5,0.004,24,13
2019,825,노원구,0.016,0.014,0.5,0.004,20,13
2019,826,노원구,0.018,0.02,0.5,0.004,22,16
2019,827,노원구,0.017,0.032,0.5,0.004,26,21
2019,828,노원구,0.019,0.035,0.5,0.004,33,24
2019,829,노원구,0.021,0.029,0.5,0.004,30,23
2019,830,노원구,0.011,0.03,0.4,0.004,16,10
2019,831,노원구,0.016,0.023,0.4,0.004,18,12
2019,901,노원구,0.013,0.026,0.4,0.004,19,14
2019,902,노원구,0.019,0.029,0.4,0.003,25,16
2019,903,노원구,0.018,0.021,0.4,0.004,21,14
2019,904,노원구,0.018,0.015,0.3,0.003,10,5
2019,905,노원구,0.021,0.004,0.4,0.003,15,7
2019,906,노원구,0.017,0.008,0.4,0.004,18,10
2019,907,노원구,0.005,0.018,0.2,0.003,13,6
2019,908,노원구,0.012,0.027,0.4,0.004,31,18
2019,909,노원구,0.021,0.01,0.6,0.004,49,38
2019,910,노원구,0.016,0.018,0.3,0.003,16,8
2019,911,노원구,0.008,0.036,0.3,0.004,19,6
2019,912,노원구,0.008,0.025,0.3,0.003,11,4
2019,913,노원구,0.013,0.01,0.3,0.003,11,6
2019,914,노원구,,0.017,0.4,0.003,16,9
2019,915,노원구,,0.017,0.4,0.003,20,14
2019,916,노원구,,0.011,0.3,0.003,9,5
2019,917,노원구,,0.015,0.3,0.003,,
2019,918,노원구,,0.032,0.4,0.004,31,14
2019,919,노원구,,0.021,0.4,0.004,31,12
2019,920,노원구,0.019,0.015,0.4,0.004,26,12
2019,921,노원구,0.014,0.013,0.4,0.004,17,11
2019,922,노원구,0.006,0.034,0.2,0.003,6,4
2019,923,노원구,0.01,0.028,0.3,0.003,13,7
2019,924,노원구,0.015,0.02,0.4,0.004,19,11
2019,925,노원구,0.021,0.018,0.5,0.004,26,17
2019,926,노원구,0.017,0.017,0.4,0.004,25,17
2019,927,노원구,0.02,0.012,0.4,0.004,22,14
2019,928,노원구,0.015,0.021,0.4,0.004,24,17
2019,929,노원구,0.012,0.012,0.4,0.004,35,29
2019,930,노원구,0.019,0.017,0.6,0.004,42,32
2019,1001,노원구,0.02,0.017,0.6,0.004,52,42
2019,1002,노원구,0.018,0.01,0.5,0.005,38,29
2019,1003,노원구,0.005,0.018,0.2,0.004,3,2
2019,1004,노원구,0.012,0.011,0.4,0.004,16,10
2019,1005,노원구,0.01,0.023,0.5,0.004,38,27
2019,1006,노원구,0.007,0.024,0.3,0.003,11,6
2019,1007,노원구,0.01,0.016,0.3,0.003,10,7
2019,1008,노원구,0.011,0.014,0.4,0.003,13,6
2019,1009,노원구,0.015,0.007,0.4,0.003,23,10
2019,1010,노원구,0.02,0.009,0.5,0.004,28,18
2019,1011,노원구,0.014,0.023,0.5,0.004,32,22
2019,1012,노원구,0.008,0.029,0.3,0.003,23,14
2019,1013,노원구,0.007,0.025,0.3,0.003,17,9
2019,1014,노원구,0.012,0.017,0.5,0.004,31,18
2019,1015,노원구,0.013,0.015,0.4,0.004,21,11
2019,1016,노원구,0.018,0.014,0.5,0.004,26,17
2019,1017,노원구,0.02,0.011,0.5,0.004,29,19
2019,1018,노원구,0.019,0.006,0.5,0.004,22,15
2019,1019,노원구,0.014,0.019,0.4,0.004,20,13
2019,1020,노원구,0.023,0.008,0.6,0.004,28,22
2019,1021,노원구,0.024,0.013,0.7,0.004,40,29
2019,1022,노원구,0.024,0.005,0.7,0.004,46,36
2019,1023,노원구,0.018,0.012,0.5,0.004,26,19
2019,1024,노원구,0.014,0.021,0.5,0.004,23,17
2019,1025,노원구,0.011,0.024,0.3,0.004,22,13
2019,1026,노원구,0.008,0.02,0.4,0.004,23,16
2019,1027,노원구,0.014,0.014,0.5,0.004,24,18
2019,1028,노원구,0.019,0.008,0.6,0.004,26,20
2019,1029,노원구,0.011,0.016,0.5,0.004,78,25
2019,1030,노원구,0.016,0.014,0.4,0.004,21,12
2019,1031,노원구,0.02,0.017,0.6,0.005,48,22
2019,1101,노원구,0.027,0.014,0.7,0.004,74,37
2019,1102,노원구,0.022,0.007,0.8,0.005,64,40
2019,1103,노원구,0.02,0.017,0.7,0.005,56,39
2019,1104,노원구,0.017,0.011,0.5,0.004,15,10
2019,1105,노원구,0.02,0.014,0.6,0.004,32,23
2019,1106,노원구,0.025,0.011,0.7,0.005,46,33
2019,1107,노원구,0.016,0.019,0.5,0.005,44,27
2019,1108,노원구,0.019,0.012,0.6,0.005,40,23
2019,1109,노원구,0.027,0.01,0.7,0.005,40,28
2019,1110,노원구,,0.012,0.7,0.005,37,29
2019,1111,노원구,,0.021,0.5,0.004,23,17
2019,1112,노원구,,0.005,0.7,0.004,32,23
2019,1113,노원구,,0.002,0.8,0.005,38,27
2019,1114,노원구,,0.019,0.4,0.004,17,9
2019,1115,노원구,,0.004,0.5,0.004,19,13
2019,1116,노원구,,0.004,0.5,0.003,24,16
2019,1117,노원구,,0.004,0.8,0.004,28,20
2019,1118,노원구,,0.005,0.6,0.003,11,11
2019,1119,노원구,0.012,0.02,0.3,0.004,24,11
2019,1120,노원구,0.011,0.023,0.4,0.004,21,11
2019,1121,노원구,0.04,0.002,0.8,0.005,28,20
2019,1122,노원구,0.05,0.007,1,0.006,40,24
2019,1123,노원구,0.057,0.002,1.3,0.005,35,25
2019,1124,노원구,0.033,0.009,0.8,0.005,25,19
2019,1125,노원구,0.02,0.013,0.5,0.004,26,19
2019,1126,노원구,0.038,0.002,0.8,0.005,30,25
2019,1127,노원구,0.016,0.022,0.5,0.005,32,22
2019,1128,노원구,0.019,0.016,0.6,0.005,40,27
2019,1129,노원구,0.022,0.015,0.6,0.006,48,30
2019,1130,노원구,0.049,0.004,0.8,0.005,40,32
2019,1201,노원구,0.035,0.01,0.6,0.004,33,28
2019,1202,노원구,0.014,0.024,0.4,0.004,19,13
2019,1203,노원구,0.04,0.006,0.6,0.005,25,18
2019,1204,노원구,0.023,0.016,0.5,0.005,23,17
2019,1205,노원구,0.012,0.022,0.4,0.005,19,15
2019,1206,노원구,0.028,0.011,0.6,0.005,27,21
2019,1207,노원구,0.043,0.004,0.7,0.005,33,28
2019,1208,노원구,0.048,0.005,1,0.005,55,48
2019,1209,노원구,0.051,0.004,0.9,0.005,55,48
2019,1210,노원구,0.062,0.004,1.1,0.005,90,77
2019,1211,노원구,0.036,0.019,0.7,0.005,71,59
2019,1212,노원구,0.024,0.014,0.5,0.004,20,17
2019,1213,노원구,0.044,0.003,0.7,0.005,24,20
2019,1214,노원구,0.026,0.014,0.6,0.005,38,31
2019,1215,노원구,0.041,0.007,0.9,0.005,33,27
2019,1216,노원구,0.051,0.004,1.1,0.006,34,27
2019,1217,노원구,0.043,0.005,0.8,0.005,25,20
2019,1218,노원구,0.021,0.016,0.6,0.004,37,33
2019,1219,노원구,0.02,0.018,0.5,0.005,24,20
2019,1220,노원구,0.043,0.003,0.9,0.006,27,25
2019,1221,노원구,0.044,0.003,0.8,0.005,31,26
2019,1222,노원구,0.047,0.007,1,0.005,57,49
2019,1223,노원구,0.035,0.013,0.8,0.004,51,45
2019,1224,노원구,0.043,0.009,1,0.005,73,63
2019,1225,노원구,0.049,0.003,1.1,0.005,54,47
2019,1226,노원구,0.031,0.013,0.6,0.005,41,34
2019,1227,노원구,0.025,0.015,0.7,0.005,33,30
2019,1228,노원구,0.041,0.007,0.7,0.006,33,27
2019,1229,노원구,0.041,0.008,0.9,0.006,38,30
2019,1230,노원구,0.033,0.011,0.7,0.004,32,27
2019,1231,노원구,0.014,0.021,0.4,0.004,22,17
2020,101,노원구,0.037,0.005,0.6,0.004,28,24
2020,102,노원구,0.046,0.005,0.9,0.005,48,41
2020,103,노원구,0.046,0.008,1,0.005,54,45
2020,104,노원구,0.046,0.01,1,0.006,49,41
2020,105,노원구,0.05,0.006,1.1,0.006,47,39
2020,106,노원구,0.051,0.003,1,0.006,44,37
2020,107,노원구,0.037,0.003,0.6,0.004,14,13
2020,108,노원구,0.036,0.005,0.5,0.004,6,7
2020,109,노원구,0.017,0.022,0.6,0.005,49,46
2020,110,노원구,0.039,0.008,0.9,0.005,61,55
2020,111,노원구,0.033,0.015,0.8,0.005,48,43
2020,112,노원구,0.018,0.024,0.7,0.005,46,41
2020,113,노원구,0.022,0.018,0.5,0.004,24,21
2020,114,노원구,0.044,0.004,0.8,0.005,31,25
2020,115,노원구,0.033,0.011,0.7,0.005,34,28
2020,116,노원구,0.033,0.014,0.7,0.006,38,32
2020,117,노원구,0.048,0.007,0.9,0.006,47,38
2020,118,노원구,0.049,0.008,1,0.006,55,44
2020,119,노원구,0.042,0.013,0.9,0.005,54,46
2020,120,노원구,0.027,0.02,0.7,0.005,43,32
2020,121,노원구,0.041,0.009,0.8,0.006,36,28
2020,122,노원구,0.049,0.004,0.9,0.006,40,34
2020,123,노원구,0.052,0.002,1.1,0.007,38,34
2020,124,노원구,0.024,0.021,0.8,0.005,63,54
2020,125,노원구,0.033,0.009,0.8,0.004,51,45
2020,126,노원구,0.022,0.018,0.6,0.004,23,21
2020,127,노원구,0.009,0.03,0.3,0.004,8,7
2020,128,노원구,0.011,0.027,0.3,0.004,9,8
2020,129,노원구,0.023,0.016,0.4,0.004,14,11
2020,130,노원구,0.029,0.013,0.6,0.005,16,13
2020,131,노원구,0.032,0.013,0.6,0.004,24,22
2020,201,노원구,0.041,0.011,1,0.005,64,57
2020,202,노원구,0.027,0.023,0.9,0.005,66,59
2020,203,노원구,0.013,0.027,0.4,0.004,24,21
2020,204,노원구,0.028,0.016,0.5,0.004,22,20
2020,205,노원구,0.01,0.024,0.4,0.004,17,13
2020,206,노원구,0.016,0.02,0.4,0.005,27,21
2020,207,노원구,0.031,0.013,0.6,0.004,33,29
2020,208,노원구,0.013,0.029,0.5,0.004,36,32
2020,209,노원구,0.026,0.02,0.6,0.005,35,29
2020,210,노원구,0.04,0.013,0.7,0.005,42,36
2020,211,노원구,0.053,0.009,0.9,0.006,46,38
2020,212,노원구,0.051,0.006,0.9,0.005,45,38
2020,213,노원구,0.039,0.01,0.8,0.004,57,50
2020,214,노원구,0.037,0.014,0.9,0.004,75,67
2020,215,노원구,0.035,0.019,0.9,0.005,58,52
2020,216,노원구,0.013,0.023,0.6,0.003,23,21
2020,217,노원구,0.013,0.027,0.5,0.004,32,31
2020,218,노원구,0.014,0.024,0.4,0.004,18,15
2020,219,노원구,0.043,0.008,0.7,0.004,28,26
2020,220,노원구,0.045,0.006,0.9,0.005,51,46
2020,221,노원구,0.046,0.012,0.8,0.005,58,53
2020,222,노원구,0.014,0.03,0.6,0.004,54,39
2020,223,노원구,0.023,0.023,0.5,0.004,20,15
2020,224,노원구,0.042,0.012,0.6,0.005,28,21
2020,225,노원구,0.026,0.019,0.5,0.004,19,15
2020,226,노원구,0.023,0.018,0.5,0.004,14,11
2020,227,노원구,0.018,0.019,0.4,0.003,9,7
2020,228,노원구,0.038,0.006,0.6,0.004,20,18
2020,229,노원구,0.029,0.014,0.6,0.004,20,18
2020,301,노원구,0.03,0.012,0.7,0.004,38,34
2020,302,노원구,0.019,0.026,0.5,0.004,36,33
2020,303,노원구,0.031,0.018,0.6,0.004,39,35
2020,304,노원구,0.013,0.033,0.5,0.004,43,39
2020,305,노원구,0.019,0.026,0.5,0.004,34,31
2020,306,노원구,0.046,0.009,0.7,0.005,34,30
2020,307,노원구,0.045,0.012,0.8,0.005,44,38
2020,308,노원구,0.037,0.022,0.7,0.005,50,45
2020,309,노원구,0.039,0.02,0.6,0.005,47,42
2020,310,노원구,0.014,0.029,0.5,0.003,30,27
2020,311,노원구,0.015,0.024,0.4,0.004,23,16
2020,312,노원구,0.034,0.011,0.6,0.004,23,16
2020,313,노원구,0.012,0.028,0.2,0.004,32,15
2020,314,노원구,0.018,0.026,0.5,0.004,43,22
2020,315,노원구,0.014,0.026,0.5,0.004,44,19
2020,316,노원구,0.017,0.022,0.4,0.004,27,15
2020,317,노원구,0.033,0.016,0.5,0.004,52,23
2020,318,노원구,0.044,0.016,0.8,0.005,64,36
2020,319,노원구,0.021,0.03,0.5,0.004,60,25
2020,320,노원구,0.022,0.022,0.4,0.004,42,11
2020,321,노원구,0.026,0.029,0.5,0.005,56,19
2020,322,노원구,0.009,0.033,0.4,0.004,42,18
2020,323,노원구,0.024,0.031,0.5,0.005,51,28
2020,324,노원구,0.029,0.026,0.6,0.005,59,34
2020,325,노원구,0.035,0.026,0.6,0.005,51,31
2020,326,노원구,0.03,0.031,0.6,0.005,51,31
2020,327,노원구,0.01,0.03,0.4,0.003,40,20
2020,328,노원구,0.008,0.03,0.3,0.004,37,9
2020,329,노원구,0.017,0.026,0.4,0.004,42,18
2020,330,노원구,0.036,0.019,0.6,0.005,50,27
2020,331,노원구,0.04,0.014,0.6,0.004,48,26
2020,401,노원구,0.012,0.044,0.5,0.004,74,34
2020,402,노원구,0.023,0.026,0.5,0.003,39,26
2020,403,노원구,0.029,0.025,0.6,0.003,55,31
2020,404,노원구,0.016,0.032,0.5,0.003,85,37
2020,405,노원구,0.015,0.032,0.4,0.003,54,28
2020,406,노원구,0.03,0.023,0.5,0.003,56,23
2020,407,노원구,0.028,0.027,0.5,0.004,62,27
2020,408,노원구,0.014,0.031,0.4,0.002,44,20
2020,409,노원구,0.022,0.028,0.5,0.003,51,26
2020,410,노원구,0.023,0.028,0.5,0.002,40,25
2020,411,노원구,0.03,0.022,0.5,0.003,46,28
2020,412,노원구,0.015,0.029,0.4,0.002,33,23
2020,413,노원구,0.018,0.029,0.4,0.002,21,11
2020,414,노원구,0.035,0.029,0.5,0.003,50,28
2020,415,노원구,0.031,0.041,0.6,0.004,65,39
2020,416,노원구,0.026,0.042,0.5,0.003,56,33
2020,417,노원구,0.017,0.042,0.3,0.003,37,22
2020,418,노원구,0.013,0.041,0.4,0.002,22,12
2020,419,노원구,0.015,0.036,0.4,0.002,22,16
2020,420,노원구,0.016,0.04,0.3,0.002,14,9
2020,421,노원구,0.01,0.042,0.3,0.002,36,10
2020,422,노원구,0.008,0.038,0.3,0.002,98,12
2020,423,노원구,0.009,0.031,0.3,0.002,41,15
2020,424,노원구,0.022,0.042,0.4,0.003,42,15
2020,425,노원구,0.016,0.06,0.4,0.003,61,24
2020,426,노원구,0.012,0.044,0.4,0.002,31,16
2020,427,노원구,0.018,0.04,0.4,0.003,34,19
2020,428,노원구,0.027,0.043,0.4,0.003,36,19
2020,429,노원구,0.027,0.05,0.5,0.003,46,28
2020,430,노원구,0.038,0.022,0.5,0.003,33,
2020,501,노원구,0.012,0.042,0.4,0.002,52,37
2020,502,노원구,0.013,0.034,0.4,0.002,48,29
2020,503,노원구,0.011,0.034,0.4,0.002,26,17
2020,504,노원구,0.021,0.036,0.4,0.002,35,18
2020,505,노원구,0.025,0.026,0.5,0.003,33,17
2020,506,노원구,0.017,0.04,0.4,0.002,25,13
2020,507,노원구,0.014,0.051,0.3,0.002,22,11
2020,508,노원구,0.018,0.049,0.3,0.002,24,12
2020,509,노원구,0.011,0.039,0.3,0.002,10,7
2020,510,노원구,0.013,0.047,0.5,0.002,27,18
2020,511,노원구,0.011,0.057,0.6,0.002,54,29
2020,512,노원구,0.017,0.034,0.4,0.002,38,12
2020,513,노원구,0.022,0.032,0.4,0.002,31,10
2020,514,노원구,0.034,0.029,0.4,0.003,38,12
2020,515,노원구,0.018,0.036,0.3,0.002,26,10
2020,516,노원구,0.014,0.026,0.4,0.002,8,4
2020,517,노원구,0.013,0.041,0.5,0.002,38,21
2020,518,노원구,0.018,0.034,0.5,0.002,35,20
2020,519,노원구,0.008,0.036,0.3,0.002,14,7
2020,520,노원구,0.01,0.03,0.3,0.002,6,3
2020,521,노원구,0.025,0.025,0.4,0.002,20,10
2020,522,노원구,0.029,0.03,0.5,0.003,40,24
2020,523,노원구,0.021,0.041,0.5,0.003,43,27
2020,524,노원구,0.01,0.038,0.4,0.002,25,17
2020,525,노원구,0.021,0.04,0.5,0.002,32,18
2020,526,노원구,0.018,0.04,0.5,0.002,41,22
2020,527,노원구,0.014,0.021,0.4,0.002,15,10
2020,528,노원구,0.026,0.024,0.5,0.003,27,15
2020,529,노원구,0.022,0.039,0.4,0.002,30,19
2020,530,노원구,0.021,0.056,0.5,0.002,36,24
2020,531,노원구,0.015,0.052,0.5,0.003,44,31
2020,601,노원구,0.009,0.047,0.3,0.002,18,9
2020,602,노원구,0.024,0.031,0.4,0.003,24,12
2020,603,노원구,0.013,0.04,0.4,0.002,39,17
2020,604,노원구,0.014,0.05,0.4,0.002,55,23
2020,605,노원구,0.011,0.048,0.4,0.002,43,17
2020,606,노원구,0.016,0.056,0.5,0.002,46,24
2020,607,노원구,0.011,0.06,0.5,0.003,54,25
2020,608,노원구,0.013,0.04,0.4,0.002,35,17
2020,609,노원구,0.016,0.051,0.4,0.003,46,22
2020,610,노원구,0.02,0.043,0.4,0.003,43,22
2020,611,노원구,0.01,0.034,0.3,0.002,30,16
2020,612,노원구,0.031,0.032,0.4,0.003,46,21
2020,613,노원구,0.02,0.072,0.4,0.003,52,23
2020,614,노원구,0.01,0.057,0.4,0.003,35,19
2020,615,노원구,0.017,0.052,0.4,0.003,26,14
2020,616,노원구,0.01,0.079,0.4,0.002,37,25
2020,617,노원구,0.023,0.064,0.6,0.004,52,33
2020,618,노원구,0.018,0.044,0.5,0.004,30,21
2020,619,노원구,0.008,0.036,0.3,0.002,18,12
2020,620,노원구,0.018,0.052,0.4,0.003,35,22
2020,621,노원구,0.013,0.055,0.4,0.002,34,23
2020,622,노원구,0.02,0.028,0.5,0.002,35,23
2020,623,노원구,0.03,0.052,0.4,0.003,38,22
2020,624,노원구,0.012,0.042,0.3,0.003,25,17
2020,625,노원구,0.009,0.027,0.3,0.002,5,3
2020,626,노원구,0.008,0.033,0.3,0.002,4,2
2020,627,노원구,0.014,0.048,0.4,0.003,23,15
2020,628,노원구,0.008,0.044,0.4,0.002,27,18
2020,629,노원구,0.016,0.035,0.4,0.003,33,23
2020,630,노원구,0.005,0.048,0.3,0.002,8,5
2020,701,노원구,0.004,0.033,0.2,0.002,6,4
2020,702,노원구,0.018,0.055,0.5,0.002,48,32
2020,703,노원구,0.015,0.046,0.5,0.002,54,38
2020,704,노원구,0.009,0.037,0.3,0.002,19,13
2020,705,노원구,0.015,0.051,0.4,0.003,26,20
2020,706,노원구,0.013,0.051,0.4,0.002,24,17
2020,707,노원구,0.008,0.041,0.3,0.002,14,11
2020,708,노원구,0.013,0.026,0.3,0.002,,14
2020,709,노원구,0.018,0.046,0.4,0.002,32,22
2020,710,노원구,0.009,0.036,0.3,0.002,28,10
2020,711,노원구,0.006,0.039,0.3,0.002,,4
2020,712,노원구,0.008,0.03,0.3,0.002,,8
2020,713,노원구,0.005,0.034,0.3,0.002,,7
2020,714,노원구,0.005,0.031,0.2,0.002,4,2
2020,715,노원구,0.009,0.02,0.2,0.002,8,4
2020,716,노원구,0.02,0.032,0.4,0.002,25,16
2020,717,노원구,0.02,0.034,0.4,0.002,34,23
2020,718,노원구,0.023,0.006,0.5,0.002,40,24
2020,719,노원구,0.008,0.031,0.3,0.002,19,15
2020,720,노원구,0.008,0.024,0.3,0.002,16,10
2020,721,노원구,0.015,0.048,0.5,0.002,27,19
2020,722,노원구,0.019,0.02,0.5,0.002,22,15
2020,723,노원구,0.012,0.029,0.4,0.002,19,13
2020,724,노원구,0.004,0.042,0.2,0.002,3,2
2020,725,노원구,0.004,0.028,0.2,0.002,4,2
2020,726,노원구,0.004,0.025,0.2,0.002,3,2
2020,727,노원구,0.009,0.018,0.3,0.002,6,3
2020,728,노원구,0.012,0.021,0.3,0.002,12,6
2020,729,노원구,0.01,0.02,0.3,0.002,7,4
2020,730,노원구,0.019,0.024,0.4,0.002,18,11
2020,731,노원구,0.019,0.028,0.4,0.003,25,17
2020,801,노원구,0.01,0.009,0.2,0.002,8,4
2020,802,노원구,0.013,0.016,0.3,0.002,10,5
2020,803,노원구,0.015,0.014,0.2,0.002,13,8
2020,804,노원구,0.011,0.007,0.2,0.002,38,23
2020,805,노원구,0.016,0.006,0.3,0.002,40,25
2020,806,노원구,0.013,0.014,0.3,0.002,17,10
2020,807,노원구,0.018,0.021,0.4,0.003,21,13
2020,808,노원구,0.014,0.015,0.4,0.002,18,10
2020,809,노원구,0.01,0.016,0.3,0.002,7,4
2020,810,노원구,0.011,0.008,0.3,0.002,12,5
2020,811,노원구,0.019,0.027,0.3,0.002,10,7
2020,812,노원구,0.02,0.009,0.4,0.002,18,10
2020,813,노원구,0.013,0.031,0.4,0.003,29,14
2020,814,노원구,0.012,0.033,0.3,0.003,27,14
2020,815,노원구,0.017,0.044,0.4,0.002,31,22
2020,816,노원구,0.01,0.021,0.3,0.002,23,14
2020,817,노원구,0.01,0.036,0.3,0.003,24,17
2020,818,노원구,0.014,0.015,0.3,0.002,27,18
2020,819,노원구,0.015,0.023,0.3,0.003,41,29
2020,820,노원구,0.014,0.017,0.3,0.003,33,23
2020,821,노원구,0.016,0.007,0.3,0.003,30,22
2020,822,노원구,0.012,0.016,0.3,0.002,14,9
2020,823,노원구,0.01,0.034,0.3,0.002,12,8
2020,824,노원구,0.021,0.027,0.4,0.003,23,16
2020,825,노원구,0.025,0.008,0.4,0.003,35,26
2020,826,노원구,0.011,0.025,0.3,0.003,22,16
2020,827,노원구,0.004,0.031,0.2,0.002,12,8
2020,828,노원구,0.016,0.02,0.4,0.002,22,15
2020,829,노원구,0.016,0.015,0.3,0.002,17,11
2020,830,노원구,0.011,0.018,0.3,0.002,12,5
2020,831,노원구,0.011,0.018,0.3,0.002,10,3
2020,901,노원구,0.007,0.023,0.3,0.002,8,4
2020,902,노원구,0.01,0.01,,0.003,15,7
2020,903,노원구,0.005,0.034,0.3,0.003,5,2
2020,904,노원구,0.013,0.04,0.4,0.003,20,10
2020,905,노원구,0.02,0.037,0.5,0.003,31,19
2020,906,노원구,0.012,0.02,0.4,0.003,33,23
2020,907,노원구,0.003,0.049,0.3,0.003,4,3
2020,908,노원구,0.005,0.054,0.3,0.002,19,8
2020,909,노원구,0.018,0.039,0.4,0.003,25,17
2020,910,노원구,0.023,0.038,0.5,0.003,25,16
2020,911,노원구,0.021,0.017,0.5,0.003,33,23
2020,912,노원구,0.011,0.029,0.3,0.002,11,8
2020,913,노원구,0.006,0.027,0.3,0.002,7,4
2020,914,노원구,0.015,0.03,0.4,0.002,22,14
2020,915,노원구,0.021,0.036,0.5,0.003,32,23
2020,916,노원구,0.024,0.022,0.5,0.003,26,19
2020,917,노원구,0.02,0.016,0.4,0.003,20,9
2020,918,노원구,0.008,0.043,0.4,0.003,19,7
2020,919,노원구,0.02,0.023,0.4,0.003,19,9
2020,920,노원구,0.012,0.031,0.4,0.003,17,9
2020,921,노원구,0.022,0.011,0.4,0.003,22,13
2020,922,노원구,0.022,0.01,0.4,0.003,19,11
2020,923,노원구,0.011,0.027,0.3,0.002,9,4
2020,924,노원구,0.009,0.029,0.3,0.002,8,3
2020,925,노원구,0.011,0.027,0.3,0.002,12,5
2020,926,노원구,0.01,0.027,0.3,0.002,14,7
2020,927,노원구,0.009,0.022,0.3,0.003,13,8
2020,928,노원구,0.022,0.006,0.4,0.002,17,11
2020,929,노원구,0.022,0.024,0.4,0.003,30,16
2020,930,노원구,0.014,0.028,0.4,0.003,27,16
2020,1001,노원구,0.01,0.035,0.4,0.003,16,10
2020,1002,노원구,0.012,0.035,0.4,0.003,23,13
2020,1003,노원구,0.012,0.039,0.5,0.003,35,19
2020,1004,노원구,0.011,0.035,0.5,0.003,27,15
2020,1005,노원구,0.019,0.017,0.4,0.003,22,10
2020,1006,노원구,0.013,0.022,0.4,0.003,20,9
2020,1007,노원구,0.019,0.021,0.4,0.003,23,12
2020,1008,노원구,0.02,0.016,0.4,0.003,16,9
2020,1009,노원구,0.02,0.025,0.4,0.003,16,9
2020,1010,노원구,0.013,0.033,0.3,0.002,15,9
2020,1011,노원구,0.018,0.028,0.4,0.003,21,12
2020,1012,노원구,0.025,0.025,0.5,0.003,35,17
2020,1013,노원구,0.026,0.019,0.4,0.003,28,11
2020,1014,노원구,0.027,0.021,0.5,0.003,31,12
2020,1015,노원구,0.01,0.029,0.3,0.003,35,11
2020,1016,노원구,0.041,0.003,0.7,0.004,39,19
2020,1017,노원구,0.028,0.017,0.6,0.003,32,17
2020,1018,노원구,0.026,0.027,0.5,0.003,29,15
2020,1019,노원구,0.03,0.029,0.6,0.003,47,21
2020,1020,노원구,0.037,0.015,0.8,0.003,71,35
2020,1021,노원구,0.047,0.003,0.8,0.004,37,23
2020,1022,노원구,0.02,0.025,0.5,0.003,65,27
2020,1023,노원구,0.008,0.028,0.4,0.003,21,9
2020,1024,노원구,0.018,0.026,0.4,0.003,24,11
2020,1025,노원구,0.031,0.02,0.6,0.004,29,15
2020,1026,노원구,0.038,0.013,0.7,0.003,43,22
2020,1027,노원구,0.044,0.024,0.8,0.004,68,47
2020,1028,노원구,0.026,0.026,0.5,0.004,50,31
2020,1029,노원구,0.032,0.02,0.5,0.004,37,18
2020,1030,노원구,0.04,0.013,0.6,0.005,42,23
2020,1031,노원구,0.035,0.02,0.6,0.004,28,17
2020,1101,노원구,0.03,0.019,0.6,0.003,42,29
2020,1102,노원구,0.021,0.014,0.6,0.003,62,26
2020,1103,노원구,0.008,0.032,0.3,0.003,20,10
2020,1104,노원구,0.011,0.033,0.4,0.003,25,12
2020,1105,노원구,0.042,0.006,0.6,0.004,35,16
2020,1106,노원구,0.049,0.005,0.7,0.004,44,28
2020,1107,노원구,0.027,0.032,0.6,0.004,82,42
2020,1108,노원구,0.013,0.031,0.5,0.004,82,30
2020,1109,노원구,0.02,0.013,0.4,0.004,25,11
2020,1110,노원구,0.035,0.003,0.5,0.003,26,14
2020,1111,노원구,0.036,0.01,0.6,0.004,34,18
2020,1112,노원구,0.05,0.006,0.7,0.004,49,34
2020,1113,노원구,0.051,0.008,0.7,0.004,54,36
2020,1114,노원구,0.035,0.012,0.7,0.003,75,53
2020,1115,노원구,0.039,0.018,0.7,0.004,67,51
2020,1116,노원구,0.041,0.003,0.6,0.003,59,44
2020,1117,노원구,0.056,0.002,0.9,0.004,67,51
2020,1118,노원구,0.029,0.011,0.5,0.003,41,30
2020,1119,노원구,0.012,0.021,0.4,0.003,16,11
2020,1120,노원구,0.01,0.024,0.3,0.002,21,15
2020,1121,노원구,0.023,0.012,0.4,0.003,27,20
2020,1122,노원구,0.014,0.023,0.4,0.002,26,19
2020,1123,노원구,0.019,0.018,0.4,0.003,26,18
2020,1124,노원구,0.035,0.008,0.5,0.003,30,20
2020,1125,노원구,0.041,0.002,0.7,0.004,41,28
2020,1126,노원구,0.04,0.008,0.8,0.004,60,42
2020,1127,노원구,0.024,0.018,0.6,0.003,42,30
2020,1128,노원구,0.012,0.023,0.4,0.003,27,19
2020,1129,노원구,0.014,0.024,0.4,0.003,24,16
2020,1130,노원구,0.028,0.011,0.5,0.003,19,14
2020,1201,노원구,0.02,0.021,0.5,0.004,37,23
2020,1202,노원구,0.023,0.02,0.5,0.004,36,23
2020,1203,노원구,0.014,0.03,0.4,0.004,29,19
2020,1204,노원구,0.031,0.015,0.6,0.004,36,24
2020,1205,노원구,0.038,0.01,0.7,0.004,36,28
2020,1206,노원구,0.039,0.012,0.8,0.004,48,39
2020,1207,노원구,0.022,0.027,0.6,0.004,54,44
2020,1208,노원구,0.025,0.02,0.5,0.004,25,18
2020,1209,노원구,0.045,0.005,0.8,0.005,41,29
2020,1210,노원구,0.049,0.006,0.9,0.005,67,52
2020,1211,노원구,0.045,0.007,1.1,0.004,111,91
2020,1212,노원구,0.031,0.02,0.7,0.004,60,44
2020,1213,노원구,0.021,0.024,0.5,0.003,36,28
2020,1214,노원구,0.011,0.024,0.3,0.003,22,14
2020,1215,노원구,0.012,0.026,0.4,0.003,18,11
2020,1216,노원구,0.016,0.022,0.4,0.003,25,16
2020,1217,노원구,0.032,0.01,0.7,0.004,32,23
2020,1218,노원구,0.049,0.002,0.6,0.004,35,24
2020,1219,노원구,0.013,0.027,0.4,0.003,24,14
2020,1220,노원구,0.025,0.019,0.5,0.004,29,20
2020,1221,노원구,0.047,0.008,0.9,0.004,42,31
2020,1222,노원구,0.054,0.008,1,0.005,54,41
2020,1223,노원구,0.058,0.008,1.1,0.005,72,54
2020,1224,노원구,0.024,0.028,0.6,0.004,68,44
2020,1225,노원구,0.024,0.022,0.6,0.004,31,19
2020,1226,노원구,0.045,0.009,0.9,0.005,55,33
2020,1227,노원구,0.041,0.013,0.9,0.005,63,41
2020,1228,노원구,0.048,0.008,0.9,0.004,64,45
2020,1229,노원구,0.03,0.016,0.8,0.004,69,48
2020,1230,노원구,0.01,0.025,0.4,0.003,37,16
2020,1231,노원구,0.018,0.022,0.4,0.003,27,14
2021,101,노원구,0.029,0.015,0.6,0.004,29,21
2021,102,노원구,0.012,0.031,0.4,0.003,35,13
2021,103,노원구,0.022,0.021,0.5,0.004,40,17
2021,104,노원구,0.036,0.009,0.7,0.004,40,25
2021,105,노원구,0.016,0.025,0.4,0.003,32,20
2021,106,노원구,0.026,0.018,0.5,0.003,27,16
2021,107,노원구,0.008,0.025,0.4,0.003,35,14
2021,108,노원구,0.012,0.024,0.4,0.003,22,15
2021,109,노원구,0.019,0.019,0.5,0.004,30,21
2021,110,노원구,0.03,0.014,0.7,0.004,35,29
2021,111,노원구,0.041,0.007,0.9,0.004,48,38
2021,112,노원구,0.049,0.004,0.9,0.004,66,58
2021,113,노원구,0.046,0.008,1,0.004,109,57
2021,114,노원구,0.035,0.013,0.8,0.004,93,39
2021,115,노원구,0.046,0.013,1,0.004,83,41
2021,116,노원구,0.013,0.027,0.5,0.003,57,40
2021,117,노원구,0.017,0.023,0.5,0.003,23,16
2021,118,노원구,0.021,0.021,0.5,0.003,34,19
2021,119,노원구,0.033,0.014,0.6,0.004,33,18
2021,120,노원구,0.046,0.007,0.9,0.004,44,31
2021,121,노원구,0.06,0.003,1.1,0.005,47,31
2021,122,노원구,0.038,0.007,0.8,0.003,39,32
2021,123,노원구,0.025,0.018,0.6,0.003,18,15
2021,124,노원구,0.02,0.024,0.5,0.003,7,10
2021,125,노원구,0.043,0.009,1,0.004,25,17
2021,126,노원구,0.042,0.009,0.9,0.004,31,24
2021,127,노원구,0.025,0.024,0.6,0.004,37,19
2021,128,노원구,0.026,0.02,0.6,0.004,34,18
2021,129,노원구,0.015,0.03,0.4,0.003,25,12
2021,130,노원구,0.033,0.014,0.7,0.003,45,23
2021,131,노원구,0.043,0.011,0.9,0.004,51,29
2021,201,노원구,0.036,0.019,0.8,0.003,67,40
2021,202,노원구,0.011,0.032,0.4,0.003,34,22
2021,203,노원구,0.031,0.017,0.6,0.004,34,22
2021,204,노원구,0.022,0.03,0.5,0.003,24,16
2021,205,노원구,0.044,0.012,0.6,0.004,28,18
2021,206,노원구,0.034,0.022,0.7,0.003,65,44
2021,207,노원구,0.018,0.035,0.6,0.003,80,56
2021,208,노원구,0.013,0.03,0.5,0.003,28,20
2021,209,노원구,0.033,0.018,0.6,0.004,25,17
2021,210,노원구,0.047,0.012,0.7,0.004,37,27
2021,211,노원구,0.042,0.017,0.8,0.003,67,50
2021,212,노원구,0.047,0.018,0.9,0.004,76,59
2021,213,노원구,0.052,0.021,1,0.005,85,67
2021,214,노원구,0.055,0.016,1,0.005,79,64
2021,215,노원구,0.02,0.033,0.5,0.003,50,39
2021,216,노원구,0.016,0.032,0.4,0.003,23,15
2021,217,노원구,0.009,0.03,0.4,0.003,40,13
2021,218,노원구,0.014,0.028,0.4,0.003,41,16
2021,219,노원구,0.034,0.021,0.7,0.004,47,26
2021,220,노원구,0.039,0.025,0.8,0.004,65,38
2021,221,노원구,0.038,0.028,1,0.005,70,45
2021,222,노원구,0.03,0.027,0.7,0.004,55,30
2021,223,노원구,0.012,0.035,0.4,0.003,51,16
2021,224,노원구,0.034,0.019,0.6,0.004,52,23
2021,225,노원구,0.054,0.005,0.8,0.005,54,32
2021,226,노원구,0.034,0.02,0.7,0.005,35,21
2021,227,노원구,0.021,0.028,0.4,0.003,20,13
2021,228,노원구,0.033,0.017,0.6,0.003,25,15
2021,301,노원구,0.02,0.023,0.4,0.002,15,11
2021,302,노원구,0.015,0.031,0.4,0.002,6,5
2021,303,노원구,0.035,0.014,0.6,0.003,28,17
2021,304,노원구,0.047,0.007,0.8,0.004,47,29
2021,305,노원구,0.031,0.022,0.6,0.003,34,21
2021,306,노원구,0.014,0.032,0.5,0.003,32,20
2021,307,노원구,0.018,0.031,0.4,0.002,21,14
2021,308,노원구,0.034,0.021,0.6,0.003,38,24
2021,309,노원구,0.038,0.02,0.7,0.003,43,27
2021,310,노원구,0.045,0.021,0.8,0.004,77,53
2021,311,노원구,0.054,0.024,0.9,0.004,117,86
2021,312,노원구,0.029,0.033,0.7,0.004,68,47
2021,313,노원구,0.021,0.036,0.6,0.003,57,39
2021,314,노원구,0.029,0.027,0.8,0.003,76,57
2021,315,노원구,0.032,0.028,0.8,0.003,81,58
2021,316,노원구,0.012,0.038,0.4,0.003,93,14
2021,317,노원구,0.028,0.024,0.5,0.003,96,16
2021,318,노원구,0.041,0.023,0.7,0.004,92,37
2021,319,노원구,0.02,0.034,0.4,0.003,58,19
2021,320,노원구,0.018,0.029,0.4,0.002,24,11
2021,321,노원구,0.009,0.038,0.5,0.002,41,31
2021,322,노원구,0.017,0.033,0.4,0.003,34,15
2021,323,노원구,0.03,0.025,0.6,0.004,78,28
2021,324,노원구,0.039,0.024,0.7,0.004,74,32
2021,325,노원구,0.033,0.035,0.6,0.003,65,31
2021,326,노원구,0.048,0.02,0.8,0.004,84,55
2021,327,노원구,0.043,0.02,0.7,0.003,51,32
2021,328,노원구,0.017,0.033,0.6,0.002,18,13
2021,329,노원구,0.015,0.035,0.6,0.002,251,46
2021,330,노원구,0.026,0.029,0.5,0.003,89,23
2021,331,노원구,0.037,0.021,0.6,0.003,38,17
2021,401,노원구,0.022,0.031,0.5,0.003,41,15
2021,402,노원구,0.019,0.038,0.4,0.002,41,13
2021,403,노원구,0.02,0.027,0.4,0.003,35,16
2021,404,노원구,0.009,0.036,0.3,0.002,10,6
2021,405,노원구,0.022,0.028,0.4,0.002,20,11
2021,406,노원구,0.022,0.037,0.5,0.003,33,19
2021,407,노원구,0.025,0.036,0.5,0.003,41,24
2021,408,노원구,0.015,0.038,0.4,0.003,29,14
2021,409,노원구,0.013,0.042,0.4,0.003,32,17
2021,410,노원구,0.018,0.041,0.4,0.003,32,20
2021,411,노원구,0.023,0.039,0.5,0.003,43,24
2021,412,노원구,0.021,0.032,0.4,0.003,30,17
2021,413,노원구,0.011,0.03,0.3,0.002,3,3
2021,414,노원구,0.017,0.034,0.4,0.003,27,15
2021,415,노원구,0.028,0.034,0.5,0.003,45,23
2021,416,노원구,0.03,0.027,0.5,0.003,78,18
2021,417,노원구,0.025,0.023,0.5,0.003,70,14
2021,418,노원구,0.013,0.032,0.4,0.002,30,13
2021,419,노원구,0.029,0.028,0.5,0.003,40,21
2021,420,노원구,0.035,0.046,0.6,0.004,66,35
2021,421,노원구,0.037,0.052,0.6,0.004,66,35
2021,422,노원구,0.026,0.064,0.5,0.004,68,37
2021,423,노원구,0.016,0.045,0.4,0.003,37,22
2021,424,노원구,0.017,0.039,0.3,0.003,21,13
2021,425,노원구,0.014,0.038,0.4,0.002,23,14
2021,426,노원구,0.014,0.045,0.4,0.003,26,14
2021,427,노원구,0.025,0.036,0.4,0.003,31,17
2021,428,노원구,0.026,0.03,0.5,0.003,58,25
2021,429,노원구,0.027,0.03,0.5,0.003,60,22
2021,430,노원구,0.017,0.042,0.4,0.002,35,18
2021,501,노원구,0.01,0.04,0.4,0.002,22,14
2021,502,노원구,0.01,0.04,0.3,0.002,15,7
2021,503,노원구,0.026,0.032,0.5,0.003,31,18
2021,504,노원구,0.034,0.016,0.5,0.003,25,17
2021,505,노원구,0.012,0.039,0.4,0.002,43,12
2021,506,노원구,0.027,0.036,0.5,0.003,67,18
2021,507,노원구,0.025,0.026,0.5,0.003,319,61
2021,508,노원구,0.015,0.035,0.4,0.003,478,82
2021,509,노원구,0.011,0.04,0.4,0.002,40,11
2021,510,노원구,0.03,0.02,0.4,0.002,21,11
2021,511,노원구,0.019,0.03,0.4,0.002,18,10
2021,512,노원구,0.017,0.04,0.3,0.002,18,10
2021,513,노원구,0.026,0.038,0.5,0.003,37,22
2021,514,노원구,0.029,0.033,0.5,0.003,45,28
2021,515,노원구,0.019,0.02,0.4,0.003,38,27
2021,516,노원구,0.009,0.021,0.3,0.002,5,4
2021,517,노원구,0.014,0.018,0.3,0.002,9,5
2021,518,노원구,0.021,0.024,0.4,0.003,23,12
2021,519,노원구,0.022,0.041,0.5,0.003,26,16
2021,520,노원구,0.019,0.035,0.4,0.003,19,11
2021,521,노원구,0.015,0.033,0.4,0.002,12,7
2021,522,노원구,0.019,0.033,0.4,0.002,24,14
2021,523,노원구,0.014,0.045,0.4,0.003,29,20
2021,524,노원구,0.011,0.043,0.4,0.003,121,34
2021,525,노원구,0.016,0.04,0.4,0.003,94,30
2021,526,노원구,0.017,0.045,0.4,0.003,41,16
2021,527,노원구,0.018,0.045,0.5,0.003,40,19
2021,528,노원구,0.015,0.044,0.5,0.002,30,17
2021,529,노원구,0.014,0.039,0.4,0.002,16,10
2021,530,노원구,0.011,0.044,0.4,0.002,22,13
2021,531,노원구,0.014,0.045,0.4,0.002,29,17
2021,601,노원구,0.022,0.03,0.4,0.002,37,22
2021,602,노원구,0.018,0.051,0.5,0.003,47,28
2021,603,노원구,0.018,0.032,0.4,0.002,29,18
2021,604,노원구,0.016,0.052,0.4,0.003,26,12
2021,605,노원구,0.015,0.063,0.5,0.003,40,22
2021,606,노원구,0.012,0.07,0.5,0.003,57,34
2021,607,노원구,0.026,0.035,0.5,0.003,36,19
2021,608,노원구,0.023,0.037,0.5,0.003,33,20
2021,609,노원구,0.025,0.05,0.5,0.003,36,22
2021,610,노원구,0.023,0.047,0.5,0.003,46,32
2021,611,노원구,0.012,0.037,0.3,0.002,20,14
2021,612,노원구,0.012,0.031,0.3,0.002,18,11
2021,613,노원구,0.015,0.041,0.4,0.003,28,19
2021,614,노원구,0.019,0.048,0.4,0.003,34,22
2021,615,노원구,0.016,0.025,0.4,0.003,24,15
2021,616,노원구,0.007,0.036,0.3,0.002,9,5
2021,617,노원구,0.012,0.032,0.3,0.002,15,8
2021,618,노원구,0.016,0.032,0.4,0.003,16,12
2021,619,노원구,0.013,0.059,0.5,0.003,35,24
2021,620,노원구,0.012,0.055,0.6,0.003,47,31
2021,621,노원구,0.011,0.047,0.4,0.003,37,24
2021,622,노원구,0.011,0.041,0.3,0.002,17,10
2021,623,노원구,0.011,0.04,0.3,0.002,15,10
2021,624,노원구,0.016,0.042,0.4,0.002,26,18
2021,625,노원구,0.018,0.04,0.5,0.003,36,25
2021,626,노원구,0.011,0.033,0.4,0.002,20,14
2021,627,노원구,0.009,0.035,0.4,0.002,19,13
2021,628,노원구,0.013,0.034,0.4,0.002,21,14
2021,629,노원구,0.019,0.026,0.4,0.002,28,18
2021,630,노원구,0.019,0.028,0.5,0.002,33,22
2021,701,노원구,0.014,0.035,0.4,0.002,31,22
2021,702,노원구,0.014,0.03,0.4,0.003,23,16
2021,703,노원구,0.005,0.032,0.3,0.002,11,9
2021,704,노원구,0.009,0.023,0.3,0.002,7,4
2021,705,노원구,0.02,0.029,0.4,0.002,19,10
2021,706,노원구,0.021,0.047,0.5,0.003,39,25
2021,707,노원구,0.017,0.034,0.4,0.002,28,18
2021,708,노원구,0.016,0.027,0.4,0.002,25,16
2021,709,노원구,0.013,0.031,0.3,0.002,17,10
2021,710,노원구,0.013,0.037,0.4,0.003,25,17
2021,711,노원구,0.01,0.036,0.4,0.002,32,21
2021,712,노원구,0.015,0.039,0.4,0.003,27,18
2021,713,노원구,0.019,0.041,0.4,0.003,34,22
2021,714,노원구,0.018,0.03,0.3,0.003,24,15
2021,715,노원구,0.015,0.035,0.3,0.003,20,11
2021,716,노원구,0.012,0.036,0.3,0.003,17,10
2021,717,노원구,0.011,0.032,0.3,0.003,13,8
2021,718,노원구,0.006,0.041,0.2,0.003,10,6
2021,719,노원구,0.014,0.029,0.3,0.003,13,8
2021,720,노원구,0.017,0.03,0.3,0.003,17,11
2021,721,노원구,0.018,0.03,0.3,0.003,20,13
2021,722,노원구,0.02,0.02,0.3,0.003,21,15
2021,723,노원구,0.018,0.038,0.3,0.002,25,18
2021,724,노원구,0.015,0.04,0.3,0.002,22,17
2021,725,노원구,0.009,0.041,0.3,0.002,20,16
2021,726,노원구,0.01,0.045,0.3,0.002,19,15
2021,727,노원구,0.013,0.041,0.3,0.002,23,17
2021,728,노원구,0.013,0.061,0.3,0.002,30,25
2021,729,노원구,0.02,0.051,0.4,0.002,44,37
2021,730,노원구,0.02,0.039,0.4,0.002,31,24
2021,731,노원구,0.011,0.044,0.3,0.002,22,17
2021,801,노원구,0.01,0.038,0.4,0.002,26,21
2021,802,노원구,0.018,0.026,0.4,0.002,13,8
2021,803,노원구,0.018,0.024,0.4,0.002,21,13
2021,804,노원구,0.018,0.02,0.3,0.002,27,18
2021,805,노원구,0.014,0.029,0.3,0.002,23,17
2021,806,노원구,0.012,0.023,0.2,0.002,17,11
2021,807,노원구,0.01,0.034,0.3,0.002,15,9
2021,808,노원구,0.01,0.025,0.3,0.002,17,11
2021,809,노원구,0.007,0.036,0.3,0.002,10,7
2021,810,노원구,0.013,0.043,0.4,0.002,17,11
2021,811,노원구,0.013,0.056,0.4,0.002,30,24
2021,812,노원구,0.012,0.038,0.4,0.002,33,27
2021,813,노원구,0.022,0.025,0.5,0.002,27,20
2021,814,노원구,0.007,0.033,0.3,0.002,13,10
2021,815,노원구,0.006,0.035,0.3,0.002,12,9
2021,816,노원구,0.007,0.039,0.3,0.002,19,14
2021,817,노원구,0.007,0.035,0.3,0.002,13,10
2021,818,노원구,0.009,0.03,0.3,0.002,11,7
2021,819,노원구,0.008,0.038,0.3,0.002,14,10
2021,820,노원구,0.014,0.046,0.4,0.002,19,15
2021,821,노원구,0.01,0.039,0.4,0.002,13,10
2021,822,노원구,0.012,0.046,0.5,0.002,24,18
2021,823,노원구,0.015,0.024,0.5,0.002,27,20
2021,824,노원구,0.013,0.021,0.4,0.002,11,6
2021,825,노원구,0.016,0.023,0.4,0.002,18,11
2021,826,노원구,0.018,0.033,0.5,0.002,39,25
2021,827,노원구,0.025,0.024,0.5,0.002,31,18
2021,828,노원구,0.017,0.041,0.5,0.002,34,22
2021,829,노원구,0.011,0.043,0.5,0.002,31,24
2021,830,노원구,0.019,0.035,0.5,0.002,36,25
2021,831,노원구,0.018,0.024,0.5,0.002,29,21
2021,901,노원구,0.01,0.031,0.3,0.002,6,2
2021,902,노원구,0.01,0.038,0.3,0.002,13,6
2021,903,노원구,0.013,0.03,0.3,0.002,13,6
2021,904,노원구,0.01,0.033,0.3,0.002,10,4
2021,905,노원구,0.007,0.036,0.3,0.002,10,4
2021,906,노원구,0.006,0.039,0.3,0.002,15,8
2021,907,노원구,0.018,0.014,0.4,0.002,8,4
2021,908,노원구,0.01,0.034,0.3,0.002,10,4
2021,909,노원구,0.023,0.025,0.5,0.002,25,13
2021,910,노원구,0.02,0.042,0.4,0.002,28,18
2021,911,노원구,0.016,0.051,0.4,0.002,29,21
2021,912,노원구,0.014,0.041,0.4,0.002,20,13
2021,913,노원구,0.02,0.026,0.4,0.002,28,16
2021,914,노원구,0.014,0.031,0.4,0.002,21,11
2021,915,노원구,0.008,0.038,0.3,0.002,15,7
2021,916,노원구,0.015,0.028,0.3,0.002,12,5
2021,917,노원구,0.011,0.028,0.3,0.002,12,5
2021,918,노원구,0.013,0.031,0.4,0.002,11,6
2021,919,노원구,0.014,0.026,0.4,0.002,12,7
2021,920,노원구,0.007,0.036,0.3,0.002,12,6
2021,921,노원구,0.008,0.044,0.4,0.002,16,10
2021,922,노원구,0.007,0.047,0.3,0.002,13,7
2021,923,노원구,0.012,0.038,0.4,0.002,17,9
2021,924,노원구,0.014,0.026,0.4,0.002,17,10
2021,925,노원구,0.013,0.017,0.3,0.002,11,4
2021,926,노원구,0.008,0.026,0.3,0.002,8,3
2021,927,노원구,0.011,0.028,0.3,0.002,10,4
2021,928,노원구,0.012,0.025,0.3,0.002,12,5
2021,929,노원구,0.015,0.02,0.4,0.002,12,7
2021,930,노원구,0.021,0.016,0.4,0.002,21,12
2021,1001,노원구,0.015,0.034,0.4,0.002,34,19
2021,1002,노원구,0.02,0.038,0.4,0.002,27,14
2021,1003,노원구,0.019,0.036,0.5,0.002,39,25
2021,1004,노원구,0.021,0.02,0.4,0.002,39,20
2021,1005,노원구,0.012,0.034,0.3,0.003,37,15
2021,1006,노원구,0.014,0.016,0.3,0.002,8,2
2021,1007,노원구,0.017,0.018,0.4,0.002,15,7
2021,1008,노원구,0.022,0.006,0.5,0.002,23,12
2021,1009,노원구,0.019,0.01,0.4,0.002,16,7
2021,1010,노원구,0.012,0.022,0.4,0.002,20,11
2021,1011,노원구,0.012,0.022,0.4,0.002,30,11
2021,1012,노원구,0.011,0.028,0.3,0.002,14,4
2021,1013,노원구,0.019,0.023,0.4,0.002,14,5
2021,1014,노원구,0.016,0.032,0.3,0.002,21,10
2021,1015,노원구,0.015,0.027,0.4,0.002,26,15
2021,1016,노원구,0.007,0.033,0.3,0.002,31,9
2021,1017,노원구,0.009,0.028,0.3,0.002,22,7
2021,1018,노원구,0.028,0.011,0.5,0.003,27,13
2021,1019,노원구,0.018,0.024,0.4,0.002,26,18
2021,1020,노원구,0.026,0.015,0.5,0.003,26,16
2021,1021,노원구,0.03,0.017,0.5,0.003,33,22
2021,1022,노원구,0.026,0.017,0.5,0.003,35,22
2021,1023,노원구,0.033,0.016,0.6,0.003,40,24
2021,1024,노원구,0.027,0.023,0.5,0.003,29,21
2021,1025,노원구,0.031,0.02,0.5,0.003,29,19
2021,1026,노원구,0.039,0.018,0.6,0.003,41,28
2021,1027,노원구,0.027,0.022,0.5,0.003,43,26
2021,1028,노원구,0.029,0.011,0.6,0.003,29,14
2021,1029,노원구,0.032,0.016,0.5,0.003,23,11
2021,1030,노원구,0.033,0.01,0.6,0.003,22,12
2021,1031,노원구,0.025,0.024,0.5,0.003,29,20
2021,1101,노원구,0.025,0.024,0.6,0.003,32,22
2021,1102,노원구,0.027,0.021,0.6,0.003,39,29
2021,1103,노원구,0.028,0.02,0.6,0.003,42,29
2021,1104,노원구,0.041,0.011,0.7,0.003,55,39
2021,1105,노원구,0.041,0.013,0.8,0.004,61,42
2021,1106,노원구,0.042,0.015,0.7,0.004,58,39
2021,1107,노원구,0.028,0.021,0.6,0.003,38,25
2021,1108,노원구,0.012,0.029,0.3,0.003,11,5
2021,1109,노원구,0.017,0.023,0.3,0.002,10,6
2021,1110,노원구,0.013,0.025,0.3,0.002,14,8
2021,1111,노원구,0.014,0.026,0.4,0.003,17,7
2021,1112,노원구,0.015,0.023,0.4,0.003,19,8
2021,1113,노원구,0.033,0.011,0.6,0.003,25,13
2021,1114,노원구,0.035,0.021,0.7,0.004,57,31
2021,1115,노원구,0.036,0.012,0.7,0.003,58,27
2021,1116,노원구,0.034,0.016,0.6,0.004,51,26
2021,1117,노원구,0.038,0.011,0.6,0.004,42,24
2021,1118,노원구,0.036,0.026,0.6,0.004,62,35
2021,1119,노원구,0.036,0.032,0.8,0.003,101,68
2021,1120,노원구,0.043,0.017,1,0.004,133,104
2021,1121,노원구,0.042,0.014,0.9,0.004,123,99
2021,1122,노원구,0.011,0.028,0.4,0.003,46,18
2021,1123,노원구,0.013,0.025,0.3,0.003,29,11
2021,1124,노원구,0.031,0.012,0.5,0.004,20,10
2021,1125,노원구,0.03,0.018,0.6,0.003,46,20
2021,1126,노원구,0.025,0.02,0.5,0.003,25,12
2021,1127,노원구,0.035,0.011,0.7,0.004,37,24
2021,1128,노원구,0.044,0.007,0.9,0.004,47,35
2021,1129,노원구,0.052,0.006,0.9,0.004,53,39
2021,1130,노원구,0.024,0.017,0.5,0.003,23,17
2021,1201,노원구,0.01,0.025,0.3,0.003,17,11
2021,1202,노원구,0.031,0.009,0.5,0.003,25,15
2021,1203,노원구,0.018,0.02,0.4,0.003,21,10
2021,1204,노원구,0.022,0.02,0.5,0.004,21,12
2021,1205,노원구,0.034,0.011,0.8,0.004,32,22
2021,1206,노원구,0.044,0.005,0.9,0.004,42,29
2021,1207,노원구,0.041,0.008,0.8,0.004,53,36
2021,1208,노원구,0.041,0.005,0.8,0.004,38,24
2021,1209,노원구,0.041,0.005,0.8,0.004,41,26
2021,1210,노원구,0.035,0.003,0.7,0.003,30,18
2021,1211,노원구,0.032,0.007,0.8,0.003,70,50
2021,1212,노원구,0.017,0.02,0.5,0.003,43,28
2021,1213,노원구,0.021,0.019,0.4,0.004,23,11
2021,1214,노원구,0.037,0.006,0.5,0.004,35,20
2021,1215,노원구,0.041,0.011,0.8,0.004,83,58
2021,1216,노원구,0.035,0.014,0.9,0.004,89,61
2021,1217,노원구,0.011,0.026,0.4,0.003,53,32
2021,1218,노원구,0.025,0.013,0.5,0.003,25,14
2021,1219,노원구,0.023,0.02,0.5,0.003,34,15
2021,1220,노원구,0.045,0.009,0.8,0.004,56,30
2021,1221,노원구,0.035,0.016,0.9,0.004,62,37
2021,1222,노원구,0.032,0.014,0.6,0.004,34,19
2021,1223,노원구,0.046,0.005,0.9,0.004,44,28
2021,1224,노원구,0.029,0.016,0.6,0.003,49,34
2021,1225,노원구,0.009,0.027,0.4,0.003,26,15
2021,1226,노원구,0.009,0.027,0.4,0.002,18,12
2021,1227,노원구,0.035,0.01,0.7,0.003,37,22
2021,1228,노원구,0.043,0.003,0.9,0.003,52,38
2021,1229,노원구,0.035,0.011,0.8,0.003,67,52
2021,1230,노원구,0.013,0.03,0.4,0.003,29,16
2021,1231,노원구,0.012,0.031,0.3,0.002,24,8
2022,101,노원구,0.035,0.011,0.7,0.004,32,19
2022,102,노원구,0.026,0.019,0.5,0.003,38,27
2022,103,노원구,0.035,0.011,0.6,0.003,26,17
2022,104,노원구,0.018,0.025,0.5,0.004,36,23
2022,105,노원구,0.039,0.009,0.8,0.004,54,37
2022,106,노원구,0.037,0.013,0.8,0.005,51,36
2022,107,노원구,0.046,0.009,1.1,0.006,69,50
2022,108,노원구,0.054,0.004,1,0.005,61,45
2022,109,노원구,0.032,0.02,1,0.004,125,102
2022,110,노원구,0.046,0.01,1,0.004,96,81
2022,111,노원구,0.013,0.025,0.4,0.003,32,21
2022,112,노원구,0.019,0.021,0.5,0.003,29,19
2022,113,노원구,0.018,0.021,0.5,0.004,32,15
2022,114,노원구,0.035,0.011,0.7,0.004,33,18
2022,115,노원구,0.043,0.005,0.8,0.004,43,28
2022,116,노원구,0.022,0.021,0.6,0.003,48,32
2022,117,노원구,0.024,0.02,0.5,0.003,28,16
2022,118,노원구,0.024,0.019,0.6,0.004,37,23
2022,119,노원구,0.038,0.01,0.7,0.003,48,36
2022,120,노원구,0.024,0.022,0.6,0.003,41,31
2022,121,노원구,0.042,0.011,0.8,0.004,38,28
2022,122,노원구,0.049,0.008,1,0.004,57,46
2022,123,노원구,0.033,0.02,0.8,0.004,63,50
2022,124,노원구,0.025,0.025,0.5,0.003,27,19
2022,125,노원구,0.024,0.02,0.4,0.002,27,18
2022,126,노원구,0.025,0.025,0.7,0.003,54,39
2022,127,노원구,0.021,0.03,0.7,0.004,69,51
2022,128,노원구,0.02,0.028,0.5,0.003,40,26
2022,129,노원구,0.017,0.028,0.5,0.003,29,17
2022,130,노원구,0.015,0.031,0.5,0.004,35,20
2022,131,노원구,0.027,0.022,0.6,0.004,37,23
2022,201,노원구,0.012,0.037,0.6,0.002,46,38
2022,202,노원구,0.016,0.032,0.5,0.003,36,28
2022,203,노원구,0.019,0.032,0.5,0.003,23,15
2022,204,노원구,0.019,0.03,0.5,0.003,23,13
2022,205,노원구,0.01,0.036,0.4,0.003,28,10
2022,206,노원구,0.021,0.028,0.5,0.003,24,12
2022,207,노원구,0.027,0.023,0.6,0.003,30,17
2022,208,노원구,0.034,0.019,0.6,0.004,32,21
2022,209,노원구,0.044,0.011,0.7,0.004,40,28
2022,210,노원구,0.037,0.021,0.8,0.004,54,39
2022,211,노원구,0.045,0.021,0.9,0.004,82,68
2022,212,노원구,0.036,0.024,0.8,0.004,88,73
2022,213,노원구,0.031,0.022,0.7,0.004,59,46
2022,214,노원구,0.029,0.023,0.7,0.003,42,34
2022,215,노원구,0.011,0.036,0.4,0.002,39,30
2022,216,노원구,0.01,0.035,0.4,0.003,31,23
2022,217,노원구,0.016,0.028,0.4,0.003,31,22
2022,218,노원구,0.039,0.012,0.6,0.003,43,31
2022,219,노원구,0.016,0.033,0.5,0.003,43,30
2022,220,노원구,0.009,0.036,0.4,0.003,33,18
2022,221,노원구,0.027,0.023,0.5,0.003,29,16
2022,222,노원구,0.012,0.035,0.4,0.003,33,17
2022,223,노원구,0.012,0.034,0.4,0.003,29,15
2022,224,노원구,0.029,0.025,0.6,0.004,33,20
2022,225,노원구,0.043,0.021,0.8,0.003,80,61
2022,226,노원구,0.02,0.045,0.6,0.003,78,55
2022,227,노원구,0.02,0.033,0.5,0.003,51,29
2022,228,노원구,0.037,0.019,0.6,0.003,46,17
2022,301,노원구,0.025,0.027,0.5,0.003,42,28
2022,302,노원구,0.026,0.024,0.5,0.003,30,16
2022,303,노원구,0.028,0.029,0.5,0.003,54,29
2022,304,노원구,0.036,0.032,0.7,0.004,81,39
2022,305,노원구,0.009,0.038,0.4,0.003,106,19
2022,306,노원구,0.011,0.037,0.4,0.002,47,10
2022,307,노원구,0.035,0.016,0.6,0.003,45,21
2022,308,노원구,0.038,0.02,0.6,0.004,52,28
2022,309,노원구,0.032,0.026,0.6,0.003,71,47
2022,310,노원구,0.039,0.024,0.7,0.004,71,50
2022,311,노원구,0.042,0.028,0.7,0.004,71,42
2022,312,노원구,0.031,0.029,0.6,0.003,74,47
2022,313,노원구,0.015,0.023,0.4,0.002,12,8
2022,314,노원구,0.018,0.025,0.5,0.002,15,9
2022,315,노원구,0.023,0.019,0.7,0.002,39,28
2022,316,노원구,0.021,0.026,0.7,0.003,71,48
2022,317,노원구,0.009,0.034,0.5,0.003,43,24
2022,318,노원구,0.007,0.04,0.3,0.002,8,4
2022,319,노원구,0.018,0.032,0.3,0.003,5,3
2022,320,노원구,0.02,0.029,0.4,0.003,18,12
2022,321,노원구,0.025,0.031,0.5,0.003,29,18
2022,322,노원구,0.019,0.045,0.5,0.003,36,26
2022,323,노원구,0.029,0.028,0.5,0.003,37,25
2022,324,노원구,0.035,0.023,0.5,0.003,50,34
2022,325,노원구,0.029,0.026,0.6,0.004,75,53
2022,326,노원구,0.01,0.038,0.4,0.002,10,5
2022,327,노원구,0.013,0.035,0.4,0.003,33,15
2022,328,노원구,0.022,0.03,0.4,0.003,28,14
2022,329,노원구,0.028,0.028,0.5,0.004,39,19
2022,330,노원구,0.03,0.018,0.5,0.003,34,17
2022,331,노원구,0.009,0.034,0.4,0.002,21,11
2022,401,노원구,0.014,0.033,0.4,0.002,17,11
2022,402,노원구,0.021,0.033,0.5,0.003,32,20
2022,403,노원구,0.017,0.04,0.5,0.003,44,31
2022,404,노원구,0.023,0.041,0.5,0.003,59,43
2022,405,노원구,0.028,0.042,0.5,0.003,48,32
2022,406,노원구,0.017,0.045,0.4,0.003,46,24
2022,407,노원구,0.012,0.043,0.3,0.003,38,12
2022,408,노원구,0.031,0.036,0.5,0.004,50,24
2022,409,노원구,0.027,0.047,0.5,0.004,54,28
2022,410,노원구,0.017,0.052,0.5,0.004,48,28
2022,411,노원구,0.021,0.035,0.4,0.003,37,20
2022,412,노원구,0.012,0.034,0.3,0.003,30,16
2022,413,노원구,0.008,0.033,0.3,0.002,15,8
2022,414,노원구,0.008,0.041,0.3,0.002,12,6
2022,415,노원구,0.012,0.04,0.3,0.002,20,10
2022,416,노원구,0.015,0.042,0.4,0.003,34,17
2022,417,노원구,0.017,0.049,0.5,0.003,56,35
2022,418,노원구,0.025,0.053,0.5,0.004,61,39
2022,419,노원구,0.028,0.052,0.6,0.004,69,43
2022,420,노원구,0.03,0.052,0.6,0.004,74,53
2022,421,노원구,0.024,0.056,0.5,0.004,55,35
2022,422,노원구,0.015,0.059,0.4,0.003,52,27
2022,423,노원구,0.017,0.042,0.5,0.002,46,28
2022,424,노원구,0.014,0.062,0.5,0.003,53,31
2022,425,노원구,0.019,0.042,0.6,0.002,40,28
2022,426,노원구,0.009,0.05,0.3,0.002,42,19
2022,427,노원구,0.009,0.046,0.3,0.002,152,15
2022,428,노원구,0.016,0.036,0.4,0.003,67,14
2022,429,노원구,0.007,0.041,0.3,0.002,9,4
2022,430,노원구,0.011,0.042,0.3,0.002,14,7
2022,501,노원구,0.012,0.044,0.4,0.002,41,19
2022,502,노원구,0.017,0.04,0.4,0.003,43,21
2022,503,노원구,0.024,0.039,0.4,0.003,38,21
2022,504,노원구,0.027,0.049,0.5,0.004,40,23
2022,505,노원구,0.02,0.052,0.5,0.004,34,21
2022,506,노원구,0.016,0.038,0.4,0.003,35,19
2022,507,노원구,0.006,0.045,0.3,0.002,25,11
2022,508,노원구,0.007,0.045,0.3,0.002,17,7
2022,509,노원구,0.015,0.036,0.3,0.002,13,6
2022,510,노원구,0.02,0.042,0.3,0.003,23,13
2022,511,노원구,0.015,0.053,0.3,0.003,26,13
2022,512,노원구,0.009,0.055,0.3,0.002,29,15
2022,513,노원구,0.009,0.046,0.3,0.002,26,15
2022,514,노원구,0.01,0.041,0.3,0.002,30,13
2022,515,노원구,0.007,0.048,0.3,0.002,23,11
2022,516,노원구,0.015,0.055,0.4,0.003,31,16
2022,517,노원구,0.016,0.071,0.5,0.003,49,29
2022,518,노원구,0.018,0.08,0.5,0.003,59,37
2022,519,노원구,0.015,0.071,0.4,0.003,46,26
2022,520,노원구,0.018,0.055,0.4,0.004,36,25
2022,521,노원구,0.012,0.049,0.4,0.003,37,26
2022,522,노원구,0.008,0.063,0.4,0.003,41,27
2022,523,노원구,0.014,0.075,0.5,0.003,65,42
2022,524,노원구,0.017,0.042,0.4,0.003,36,22
2022,525,노원구,0.016,0.043,0.3,0.002,23,14
2022,526,노원구,0.009,0.045,0.3,0.002,20,9
2022,527,노원구,0.008,0.055,0.3,0.002,24,12
2022,528,노원구,0.016,0.057,0.4,0.003,32,19
2022,529,노원구,0.007,0.069,0.4,0.002,30,23
2022,530,노원구,0.01,0.047,0.4,0.002,29,21
2022,531,노원구,0.017,0.039,0.3,0.003,24,9
2022,601,노원구,0.015,0.048,0.4,0.003,23,10
2022,602,노원구,0.016,0.051,0.4,0.003,28,17
2022,603,노원구,0.013,0.072,0.4,0.003,37,23
2022,604,노원구,0.01,0.064,0.4,0.002,32,20
2022,605,노원구,0.007,0.054,0.3,0.003,26,18
2022,606,노원구,0.004,0.031,0.2,0.002,8,3
2022,607,노원구,0.006,0.031,0.2,0.002,5,2
2022,608,노원구,0.009,0.041,0.3,0.002,13,8
2022,609,노원구,0.016,0.029,0.3,0.002,23,14
2022,610,노원구,0.013,0.029,0.4,0.002,24,16
2022,611,노원구,0.011,0.04,0.4,0.002,22,14
2022,612,노원구,0.008,0.049,0.3,0.002,20,13
2022,613,노원구,0.009,0.032,0.3,0.002,23,15
2022,614,노원구,0.004,0.035,0.2,0.002,11,5
2022,615,노원구,0.012,0.021,0.3,0.002,10,5
2022,616,노원구,0.012,0.028,0.3,0.002,15,8
2022,617,노원구,0.021,0.039,0.4,0.003,33,22
2022,618,노원구,0.016,0.02,0.4,0.003,29,17
2022,619,노원구,0.013,0.025,0.4,0.002,28,16
2022,620,노원구,0.016,0.035,0.4,0.002,33,21
2022,621,노원구,0.019,0.044,0.4,0.002,32,21
2022,622,노원구,0.018,0.041,0.3,0.002,24,13
2022,623,노원구,0.023,0.024,0.4,0.002,32,21
2022,624,노원구,0.013,0.04,0.4,0.002,19,12
2022,625,노원구,0.012,0.069,0.5,0.002,49,33
2022,626,노원구,0.011,0.032,0.3,0.002,28,16
2022,627,노원구,0.013,0.007,0.2,0.002,12,5
2022,628,노원구,0.009,0.011,0.2,0.002,17,6
2022,629,노원구,0.009,0.013,0.2,0.002,15,4
2022,630,노원구,0.017,0.036,0.3,0.002,6,3
2022,701,노원구,0.017,0.016,0.4,0.002,16,7
2022,702,노원구,0.012,0.041,0.3,0.002,24,16
2022,703,노원구,0.009,0.047,0.3,0.002,35,28
2022,704,노원구,0.012,0.035,0.3,0.002,37,29
2022,705,노원구,0.015,0.042,0.3,0.001,27,21
2022,706,노원구,0.011,0.038,0.3,0.001,26,20
2022,707,노원구,0.015,0.024,0.3,0.001,24,14
2022,708,노원구,0.014,0.045,0.4,0.001,25,16
2022,709,노원구,0.008,0.041,0.4,0.001,17,10
2022,710,노원구,0.011,0.057,0.5,0.001,38,26
2022,711,노원구,0.015,0.042,0.3,0.001,24,15
2022,712,노원구,0.011,0.029,0.3,0.001,10,4
2022,713,노원구,0.014,0.02,0.3,0.001,12,7
2022,714,노원구,0.011,0.03,0.4,0.001,10,4
2022,715,노원구,0.012,0.042,0.4,0.001,26,15
2022,716,노원구,0.015,0.042,0.4,0.001,28,19
2022,717,노원구,0.011,0.039,0.4,0.001,26,16
2022,718,노원구,0.015,0.037,0.4,0.001,23,16
2022,719,노원구,0.012,0.047,0.4,0.002,33,22
2022,720,노원구,0.011,0.054,0.4,0.002,32,22
2022,721,노원구,0.007,0.044,0.3,0.002,12,7
2022,722,노원구,0.011,0.041,0.4,0.002,20,11
2022,723,노원구,0.009,0.038,0.4,0.002,30,19
2022,724,노원구,0.005,0.044,0.4,0.002,14,9
2022,725,노원구,0.005,0.033,0.3,0.002,13,6
2022,726,노원구,0.011,0.057,0.4,0.002,27,16
2022,727,노원구,0.011,0.045,0.4,0.002,28,18
2022,728,노원구,0.009,0.042,0.3,0.002,22,15
2022,729,노원구,0.007,0.045,0.3,0.002,22,14
2022,730,노원구,0.008,0.024,0.3,0.002,19,13
2022,731,노원구,0.006,0.011,0.3,0.002,13,7
2022,801,노원구,0.006,0.015,0.2,0.002,14,8
2022,802,노원구,0.011,0.013,0.3,0.002,13,9
2022,803,노원구,0.012,0.031,0.3,0.002,19,16
2022,804,노원구,0.007,0.031,0.3,0.002,20,14
2022,805,노원구,0.015,0.026,0.3,0.004,21,11
2022,806,노원구,0.014,0.031,0.4,0.002,35,24
2022,807,노원구,0.011,0.023,0.4,0.002,35,24
2022,808,노원구,0.017,0.028,0.3,0.002,24,13
2022,809,노원구,0.018,0.024,0.3,0.002,11,7
2022,810,노원구,0.016,0.043,0.3,0.002,13,7
2022,811,노원구,0.022,0.036,0.4,0.002,15,10
2022,812,노원구,0.013,0.054,0.4,0.002,24,15
2022,813,노원구,0.027,0.021,0.5,0.002,34,23
2022,814,노원구,0.01,0.034,0.4,0.002,22,13
2022,815,노원구,0.007,0.026,0.3,0.002,27,12
2022,816,노원구,0.011,0.05,0.4,0.002,23,13
2022,817,노원구,0.018,0.035,0.4,0.002,20,13
2022,818,노원구,0.017,0.047,0.4,0.002,23,13
2022,819,노원구,0.024,0.022,0.4,0.002,27,18
2022,820,노원구,0.009,0.046,0.4,0.002,24,15
2022,821,노원구,0.008,0.044,0.4,0.002,25,17
2022,822,노원구,0.019,0.038,0.5,0.003,30,21
2022,823,노원구,0.009,0.036,0.3,0.002,15,9
2022,824,노원구,0.012,0.028,0.3,0.001,18,10
2022,825,노원구,0.019,0.016,0.3,0.002,17,9
2022,826,노원구,0.012,0.056,0.4,0.003,29,21
2022,827,노원구,0.005,0.04,0.3,0.003,19,11
2022,828,노원구,0.008,0.028,0.3,0.002,15,9
2022,829,노원구,0.013,0.02,0.3,0.002,12,6
2022,830,노원구,0.012,0.019,0.3,0.002,8,4
2022,831,노원구,0.011,0.022,0.3,0.002,9,5
2022,901,노원구,0.015,0.024,0.4,0.003,17,9
2022,902,노원구,0.012,0.026,0.3,0.002,15,9
2022,903,노원구,0.007,0.033,0.3,0.002,11,5
2022,904,노원구,0.01,0.021,0.3,0.002,9,5
2022,905,노원구,0.006,0.048,0.2,0.002,5,2
2022,906,노원구,0.007,0.052,0.3,0.002,10,4
2022,907,노원구,0.018,0.044,0.4,0.003,25,12
2022,908,노원구,0.02,0.036,0.4,0.003,24,13
2022,909,노원구,0.015,0.026,0.4,0.003,17,10
2022,910,노원구,0.008,0.033,0.3,0.003,11,6
2022,911,노원구,0.007,0.033,0.3,0.003,20,13
2022,912,노원구,0.009,0.028,0.3,0.003,19,13
2022,913,노원구,0.014,0.017,0.3,0.003,20,14
2022,914,노원구,0.007,0.034,0.3,0.003,17,9
2022,915,노원구,0.013,0.029,0.3,0.003,18,9
2022,916,노원구,0.014,0.022,0.3,0.003,21,13
2022,917,노원구,0.014,0.027,0.4,0.003,20,16
2022,918,노원구,0.007,0.023,0.3,0.003,20,14
2022,919,노원구,0.004,0.032,0.3,0.003,17,8
2022,920,노원구,0.006,0.036,0.2,0.003,25,8
2022,921,노원구,0.016,0.033,0.3,0.003,25,12
2022,922,노원구,0.018,0.031,0.3,0.003,17,8
2022,923,노원구,0.014,0.031,0.3,0.003,21,9
2022,924,노원구,0.012,0.028,0.3,0.003,16,8
2022,925,노원구,0.013,0.033,0.4,0.003,20,10
2022,926,노원구,0.02,0.034,0.4,0.003,22,13
2022,927,노원구,0.029,0.032,0.4,0.003,20,13
2022,928,노원구,0.033,0.018,0.4,0.003,23,15
2022,929,노원구,0.029,0.045,0.6,0.004,46,34
2022,930,노원구,0.031,0.05,0.5,0.003,43,34
2022,1001,노원구,0.03,0.049,0.5,0.003,43,35
2022,1002,노원구,0.016,0.031,0.4,0.003,30,23
2022,1003,노원구,0.017,0.018,0.4,0.003,15,11
2022,1004,노원구,0.007,0.021,0.4,0.003,13,7
2022,1005,노원구,0.009,0.02,0.3,0.003,9,4
2022,1006,노원구,0.01,0.017,0.3,0.003,7,2
2022,1007,노원구,0.008,0.025,0.3,0.003,10,5
2022,1008,노원구,0.017,0.02,0.3,0.003,11,5
2022,1009,노원구,0.01,0.027,0.3,0.003,10,6
2022,1010,노원구,0.006,0.031,0.3,0.003,9,3
2022,1011,노원구,0.013,0.023,0.4,0.003,17,10
2022,1012,노원구,0.024,0.017,0.4,0.003,19,11
2022,1013,노원구,0.03,0.017,0.5,0.003,20,11
2022,1014,노원구,0.033,0.013,0.5,0.003,24,15
2022,1015,노원구,0.023,0.027,0.5,0.003,25,17
2022,1016,노원구,0.023,0.018,0.5,0.004,32,24
2022,1017,노원구,0.008,0.025,0.3,0.004,28,13
2022,1018,노원구,0.018,0.018,0.4,0.003,22,11
2022,1019,노원구,0.026,0.016,0.4,0.003,24,13
2022,1020,노원구,0.034,0.02,0.5,0.004,33,19
2022,1021,노원구,0.039,0.025,0.6,0.004,43,30
2022,1022,노원구,0.026,0.033,0.5,0.003,40,29
2022,1023,노원구,0.008,0.04,0.4,0.003,37,23
2022,1024,노원구,0.012,0.029,0.4,0.003,27,15
2022,1025,노원구,0.023,0.018,0.4,0.003,17,10
2022,1026,노원구,0.033,0.013,0.5,0.003,18,10
2022,1027,노원구,0.027,0.024,0.5,0.004,31,21
2022,1028,노원구,0.033,0.021,0.6,0.003,38,26
2022,1029,노원구,0.029,0.02,0.5,0.003,27,20
2022,1030,노원구,0.025,0.022,0.5,0.003,26,20
2022,1031,노원구,0.032,0.018,0.5,0.004,24,16
2022,1101,노원구,0.03,0.023,0.5,0.004,47,33
2022,1102,노원구,0.028,0.019,0.4,0.004,31,16
2022,1103,노원구,0.025,0.018,0.5,0.003,35,19
2022,1104,노원구,0.014,0.024,0.3,0.003,25,10
2022,1105,노원구,0.027,0.018,0.5,0.004,31,16
2022,1106,노원구,0.035,0.017,0.6,0.003,29,19
2022,1107,노원구,0.038,0.02,0.5,0.004,35,22
2022,1108,노원구,0.033,0.022,0.5,0.003,47,33
2022,1109,노원구,0.04,0.02,0.7,0.003,65,47
2022,1110,노원구,0.044,0.022,0.8,0.003,76,58
2022,1111,노원구,0.044,0.019,0.7,0.003,56,42
2022,1112,노원구,0.041,0.016,0.7,0.004,50,37
2022,1113,노원구,0.01,0.016,0.5,0.003,19,12
2022,1114,노원구,0.022,0.011,0.5,0.003,25,19
2022,1115,노원구,0.029,0.017,0.5,0.003,29,19
2022,1116,노원구,0.032,0.013,0.6,0.003,33,22
2022,1117,노원구,0.046,0.01,0.7,0.004,39,23
2022,1118,노원구,0.041,0.013,0.7,0.004,43,27
2022,1119,노원구,0.04,0.017,0.6,0.004,32,21
2022,1120,노원구,0.036,0.018,0.6,0.003,31,21
2022,1121,노원구,0.042,0.015,0.6,0.004,34,24
2022,1122,노원구,0.043,0.008,0.7,0.003,59,41
2022,1123,노원구,0.024,0.021,0.5,0.003,42,29
2022,1124,노원구,0.039,0.012,0.7,0.004,49,32
2022,1125,노원구,0.034,0.02,0.6,0.004,61,41
2022,1126,노원구,0.011,0.03,0.4,0.003,59,19
2022,1127,노원구,0.024,0.018,0.5,0.003,21,13
2022,1128,노원구,0.047,0.005,0.7,0.004,27,16
2022,1129,노원구,0.014,0.024,0.5,0.003,22,12
2022,1130,노원구,0.007,0.027,0.3,0.003,28,8
2022,1201,노원구,0.013,0.023,0.4,0.003,26,12
2022,1202,노원구,0.028,0.017,0.4,0.003,21,11
2022,1203,노원구,0.029,0.014,0.5,0.003,34,24
2022,1204,노원구,0.009,0.03,0.3,0.003,18,8
2022,1205,노원구,0.015,0.024,0.4,0.003,22,13
2022,1206,노원구,0.037,0.013,0.5,0.003,29,17
2022,1207,노원구,0.034,0.017,0.6,0.003,32,15
2022,1208,노원구,0.04,0.01,0.6,0.004,29,14
2022,1209,노원구,0.045,0.01,0.7,0.004,39,24
2022,1210,노원구,0.04,0.011,0.7,0.004,42,27
2022,1211,노원구,0.024,0.02,0.7,0.005,51,32
2022,1212,노원구,0.046,0.005,0.7,0.004,38,27
2022,1213,노원구,0.014,0.027,0.4,0.003,226,37
2022,1214,노원구,0.01,0.024,0.3,0.003,52,13
2022,1215,노원구,0.03,0.01,0.4,0.002,34,22
2022,1216,노원구,0.017,0.023,0.5,0.003,31,20
2022,1217,노원구,0.016,0.024,0.4,0.003,28,18
2022,1218,노원구,0.011,0.026,0.4,0.003,23,11
2022,1219,노원구,0.036,0.012,0.6,0.003,27,17
2022,1220,노원구,0.044,0.009,0.6,0.004,35,26
2022,1221,노원구,0.036,0.012,0.6,0.003,38,27
2022,1222,노원구,0.01,0.028,0.4,0.003,30,17
2022,1223,노원구,0.009,0.029,0.3,0.002,21,14
2022,1224,노원구,0.034,0.013,0.6,0.003,35,25
2022,1225,노원구,0.044,0.011,0.8,0.003,46,38
2022,1226,노원구,0.053,0.007,0.9,0.003,55,45
2022,1227,노원구,0.057,0.006,1,0.004,54,41
2022,1228,노원구,0.029,0.019,0.6,0.003,36,24
2022,1229,노원구,0.038,0.013,0.6,0.004,30,20
2022,1230,노원구,0.042,0.015,0.6,0.004,41,30
2022,1231,노원구,0.057,0.006,0.9,0.004,47,36
